client_id,client_type,first_name,last_name,date_of_birth,gender,country,region,acquisition_purpose,satisfaction_score,loan_applied,referral_channel,Age,total_investment,Cluster,Buyer_Segment
C0001,Individual,Kareem,Liu,1968-05-11,F,USA,California,Home,4,Yes,Website,58,1246764.72,5,Corporate Buyers
C0002,Individual,Trystan,Oconnor,1962-11-26,M,USA,California,Home,1,No,Website,64,1841095.9300000002,5,Corporate Buyers
C0003,Individual,Kale,Gay,1959-04-07,M,USA,California,Home,4,Yes,Agency,67,1661457.5899999999,5,Corporate Buyers
C0004,Individual,Russell,Gross,1959-11-25,M,USA,California,Home,5,No,Website,67,1608263.51,5,Corporate Buyers
C0005,Company,Marleez,Co,1976-02-28,M,USA,California,Investment,5,No,Website,50,3653385.38,5,Corporate Buyers
C0006,Individual,Yurem,Wright,1957-03-06,M,USA,California,Home,3,Yes,Website,69,1514131.06,5,Corporate Buyers
C0007,Individual,Xavier,Faulkner,1947-05-24,M,Canada,Quebec,Investment,5,No,Website,79,3251147.83,1,Residential Buyers
C0008,Individual,Kayden,Olsen,1969-10-17,F,USA,California,Home,5,No,Website,57,1476730.4100000001,5,Corporate Buyers
C0009,Individual,Joaquin,Mullins,1975-10-05,M,USA,California,Investment,5,No,Agency,51,1820832.35,5,Corporate Buyers
C0010,Individual,Nicolas,Navarro,1966-06-17,M,USA,Oregon,Investment,3,No,Agency,60,1732434.0,5,Corporate Buyers
C0011,Individual,Laci,Guerra,1956-06-17,F,USA,California,Home,2,Yes,Website,70,1325211.52,5,Corporate Buyers
C0012,Company,Kylax,Co,1975-04-25,M,USA,California,Investment,5,No,Website,51,1599526.4,5,Corporate Buyers
C0013,Individual,Harley,Lucero,1962-08-10,M,USA,California,Home,1,Yes,Website,64,2142750.89,5,Corporate Buyers
C0014,Company,Esther,Co,1980-07-10,M,USA,California,Home,3,Yes,Website,46,1548140.0699999998,5,Corporate Buyers
C0015,Individual,Jaylynn,Hickman,1941-08-19,F,USA,California,Home,5,No,Client,85,1585907.37,5,Corporate Buyers
C0016,Individual,Olivia,Oconnell,1939-09-03,F,USA,California,Investment,5,No,Website,87,1010217.73,5,Corporate Buyers
C0017,Individual,Antonio,Porter,1977-01-08,M,USA,Arizona,Home,3,No,Client,49,1778693.75,5,Corporate Buyers
C0018,Individual,Luke,Lynn,1967-02-07,M,USA,California,Home,2,Yes,Agency,59,1061478.67,5,Corporate Buyers
C0019,Individual,Anahi,Curry,1957-09-09,M,USA,California,Home,5,Yes,Client,69,1773474.26,5,Corporate Buyers
C0020,Individual,Camille,Sharp,1967-10-17,F,USA,California,Home,5,No,Website,59,1508032.25,5,Corporate Buyers
C0021,Individual,Jesus,Obrien,1938-06-09,M,USA,Oregon,Investment,3,No,Website,88,1928172.72,5,Corporate Buyers
C0022,Individual,Araceli,Nelson,1966-09-14,M,Germany,Berlin,Investment,5,No,Agency,60,1372403.2,1,Residential Buyers
C0023,Individual,Cole,Taylor,1958-12-06,M,USA,California,Home,3,Yes,Website,68,1457871.69,5,Corporate Buyers
C0024,Individual,Alonso,Terrell,1963-11-05,M,USA,California,Investment,4,No,Website,63,1884156.9000000001,5,Corporate Buyers
C0025,Individual,Rodolfo,Gibson,1937-01-20,M,USA,Nevada,Home,2,Yes,Website,89,1694448.83,0,Global Investors
C0026,Individual,Joseph,Reeves,1962-09-23,M,USA,California,Investment,5,No,Website,64,2932241.75,5,Corporate Buyers
C0027,Individual,Grant,Weber,1968-09-08,M,USA,California,Home,5,Yes,Website,58,1517969.44,5,Corporate Buyers
C0028,Individual,Ava,Phelps,1958-04-15,F,USA,California,Home,3,No,Client,68,1791082.79,5,Corporate Buyers
C0029,Individual,Kyla,Walker,1976-02-26,F,USA,Colorado,Home,4,Yes,Agency,50,1247795.31,5,Corporate Buyers
C0030,Individual,Alanna,Hess,1952-06-19,F,USA,Nevada,Home,3,No,Website,74,1547311.29,0,Global Investors
C0031,Individual,Skylar,Buchanan,1977-12-25,M,USA,Nevada,Home,4,Yes,Website,49,1077148.21,0,Global Investors
C0032,Individual,Rodrigo,Robinson,1966-08-11,M,USA,California,Home,4,No,Website,60,1888995.1600000001,5,Corporate Buyers
C0033,Individual,Lydia,Tate,1968-08-14,F,USA,California,Home,3,Yes,Website,58,1404998.67,5,Corporate Buyers
C0034,Individual,Lauryn,Patrick,1969-10-30,F,Belgium,Brussels,Home,2,No,Agency,57,1632608.66,1,Residential Buyers
C0035,Individual,Diego,Mendez,1965-05-12,M,Mexico,Mexico City,Home,3,No,Agency,61,1987876.4,1,Residential Buyers
C0036,Individual,Victor,Jensen,1973-09-01,M,USA,California,Home,4,No,Website,53,1173683.53,5,Corporate Buyers
C0037,Individual,Scarlet,Hendricks,1962-01-20,F,USA,California,Home,5,Yes,Website,64,1607228.75,5,Corporate Buyers
C0038,Individual,Janelle,Espinoza,1974-12-25,F,USA,California,Investment,4,No,Client,52,1175129.27,5,Corporate Buyers
C0039,Individual,Aleksandra,Karenina,1967-06-13,F,Russia,Krasnodar Krai,Home,1,No,Agency,59,1858527.54,3,Risk-Averse Investors
C0040,Individual,Conner,Huff,1975-03-22,M,USA,Nevada,Home,5,No,Website,51,1854608.29,0,Global Investors
C0041,Individual,Zain,Horne,1967-04-13,M,USA,Arizona,Home,1,Yes,Website,59,1374460.79,5,Corporate Buyers
C0042,Individual,Maia,Chandler,1975-08-12,F,USA,Utah,Home,1,Yes,Website,51,1101390.25,5,Corporate Buyers
C0043,Individual,Jordyn,Park,1965-04-04,M,USA,Nevada,Investment,3,Yes,Website,61,1126492.46,0,Global Investors
C0044,Individual,Diana,Hunt,1931-02-13,F,USA,Arizona,Home,3,No,Website,95,1330493.26,5,Corporate Buyers
C0045,Individual,Kevin,Mata,1968-10-12,M,USA,Colorado,Investment,2,No,Agency,58,1463432.3599999999,5,Corporate Buyers
C0046,Individual,Brisa,Mckee,1964-09-24,F,USA,California,Home,5,No,Client,62,2026517.4,5,Corporate Buyers
C0047,Individual,Mason,Gilbert,1970-07-31,M,USA,Colorado,Home,2,No,Agency,56,1438239.28,5,Corporate Buyers
C0048,Individual,Derick,Li,1957-03-20,M,USA,California,Home,3,Yes,Agency,69,1338718.0,5,Corporate Buyers
C0049,Individual,Jace,Riggs,1971-08-20,F,USA,California,Home,1,No,Website,55,1390091.2,5,Corporate Buyers
C0050,Individual,Jair,Johns,1940-03-05,M,USA,California,Home,5,No,Website,86,2744452.35,5,Corporate Buyers
C0051,Individual,Matilda,Madden,1941-03-03,F,USA,Colorado,Home,3,No,Agency,85,1270440.42,5,Corporate Buyers
C0052,Individual,Myla,Ewing,1967-02-03,F,USA,Oregon,Investment,2,No,Client,59,1474211.53,5,Corporate Buyers
C0053,Individual,Miguel,Walter,1954-01-07,M,USA,Arizona,Home,4,No,Agency,72,1120539.44,5,Corporate Buyers
C0054,Company,Bridger CAL,Co,1967-02-15,M,USA,Nevada,Investment,5,No,Website,59,2109277.6,0,Global Investors
C0055,Individual,Mara,Franco,1973-06-07,F,USA,California,Home,5,Yes,Agency,53,1178979.21,5,Corporate Buyers
C0056,Individual,Erik,Mora,1964-12-07,M,USA,Oregon,Investment,5,No,Agency,62,1579301.3599999999,5,Corporate Buyers
C0057,Individual,Henry,Kennedy,1933-06-08,M,USA,California,Home,4,Yes,Agency,93,2020519.52,5,Corporate Buyers
C0058,Company,Kenyon,Co,1969-05-03,F,USA,California,Investment,1,Yes,Website,57,1441406.17,5,Corporate Buyers
C0059,Individual,Oswaldo,Palmer,1960-06-16,M,USA,California,Home,2,No,Website,66,1278854.25,5,Corporate Buyers
C0060,Individual,Kassidy,Vega,1972-05-07,F,USA,California,Home,5,No,Website,54,1355662.25,5,Corporate Buyers
C0061,Individual,Morgan,Glass,1967-05-12,M,USA,Utah,Home,5,No,Agency,59,1306907.58,5,Corporate Buyers
C0062,Individual,Tyler,Carr,1974-03-27,M,USA,California,Home,5,Yes,Client,52,1489333.49,5,Corporate Buyers
C0063,Individual,Yesenia,Marquez,1942-07-23,F,USA,Arizona,Home,4,No,Website,84,1625480.88,5,Corporate Buyers
C0064,Individual,Gordon,Brown,1974-02-10,M,UK,Northern Ireland,Investment,4,No,Agency,52,1448881.28,1,Residential Buyers
C0065,Individual,Rodrigo,Ramirez,1972-03-26,M,USA,California,Home,1,No,Agency,54,1557125.73,5,Corporate Buyers
C0066,Individual,Melanie,Holland,1974-12-25,F,USA,California,Investment,3,No,Client,52,1107164.17,5,Corporate Buyers
C0067,Individual,Enrique,Cardenas,1977-06-10,M,USA,California,Home,2,No,Website,49,1431941.84,5,Corporate Buyers
C0068,Individual,Helen,Williamson,1966-02-26,F,USA,Colorado,Home,5,Yes,Agency,60,1572779.33,5,Corporate Buyers
C0069,Individual,Isis,Rios,1970-04-01,M,USA,California,Investment,4,No,Website,56,1439142.47,5,Corporate Buyers
C0070,Individual,Kayley,Nielsen,1947-04-27,F,USA,Arizona,Home,4,Yes,Website,79,1521570.62,5,Corporate Buyers
C0071,Individual,Donavan,Flowers,1985-12-27,M,USA,California,Home,1,Yes,Client,41,1150384.09,5,Corporate Buyers
C0072,Individual,Augustus,Hinton,1953-02-03,M,USA,Nevada,Investment,2,No,Website,73,2246488.58,0,Global Investors
C0073,Individual,Alejandra,Greer,1965-01-11,F,Denmark,Capital Region,Investment,1,No,Agency,61,1413902.33,4,Luxury Investors
C0074,Individual,Violet,Nixon,1959-01-01,F,USA,Oregon,Investment,5,No,Client,67,1709458.65,5,Corporate Buyers
C0075,Individual,Jaelyn,Berger,1970-05-05,F,USA,California,Home,3,No,Website,56,1269395.74,5,Corporate Buyers
C0076,Individual,Tristian,Fuller,1956-03-13,M,USA,California,Home,5,No,Agency,70,1905852.0899999999,5,Corporate Buyers
C0077,Individual,Christian,Costa,1980-09-14,M,USA,California,Home,5,No,Website,46,1880012.18,5,Corporate Buyers
C0078,Individual,Nora,Lynch,1948-04-23,F,USA,California,Home,5,No,Website,78,1685882.3900000001,5,Corporate Buyers
C0079,Individual,Dangelo,Shea,1954-02-27,M,Belgium,Brussels,Investment,4,No,Website,72,1456436.3,1,Residential Buyers
C0080,Individual,Aiyana,Christensen,1949-01-16,F,USA,California,Investment,3,No,Website,77,1427531.56,5,Corporate Buyers
C0081,Individual,Sidney,Cline,1943-07-24,F,USA,California,Home,4,Yes,Website,83,1522144.26,5,Corporate Buyers
C0082,Individual,Kaitlin,Owen,1981-12-26,F,USA,Virginia,Investment,5,No,Client,45,1282267.95,5,Corporate Buyers
C0083,Individual,Issac,Edwards,1938-10-29,M,USA,California,Home,5,No,Website,88,1513641.46,5,Corporate Buyers
C0084,Individual,Zaiden,Merritt,1948-02-23,M,USA,Wyoming,Home,3,No,Agency,78,1762231.92,5,Corporate Buyers
C0085,Individual,Iris,Larsen,1966-09-14,M,USA,California,Home,4,Yes,Agency,60,1185505.46,5,Corporate Buyers
C0086,Individual,Grace,Stein,1968-12-20,F,USA,California,Home,3,Yes,Website,58,1928188.6099999999,5,Corporate Buyers
C0087,Individual,Alessandra,Perry,1979-05-15,F,USA,California,Home,4,No,Agency,47,1681153.28,5,Corporate Buyers
C0088,Individual,Jamal,Mueller,1936-08-13,M,USA,Oregon,Investment,2,No,Website,90,1450519.57,5,Corporate Buyers
C0089,Individual,Irvin,Ellis,1949-11-14,M,USA,California,Home,3,No,Agency,77,1041853.81,5,Corporate Buyers
C0090,Individual,Terry,Forbes,1982-05-27,M,USA,California,Home,5,No,Client,44,980850.4199999999,5,Corporate Buyers
C0091,Individual,Jacqueline,Grant,1959-11-13,F,USA,California,Home,4,No,Website,67,1356644.74,5,Corporate Buyers
C0092,Individual,Brock,Fischer,1971-05-29,M,USA,Kansas,Home,3,No,Website,55,2817926.96,5,Corporate Buyers
C0093,Individual,Curtis,Howard,1962-09-11,M,USA,California,Home,2,No,Agency,64,1732558.38,5,Corporate Buyers
C0094,Individual,Avah,Huang,1948-04-23,F,USA,California,Home,5,No,Website,78,1062675.82,5,Corporate Buyers
C0095,Individual,Frank,Meyer,1964-03-16,M,USA,California,Home,3,Yes,Agency,62,1668973.02,5,Corporate Buyers
C0096,Individual,Darien,Dorsey,1985-12-27,M,USA,California,Investment,3,Yes,Website,41,1363013.17,5,Corporate Buyers
C0097,Individual,Franklin,Mack,1943-06-18,M,USA,Virginia,Home,5,Yes,Website,83,2189906.04,5,Corporate Buyers
C0098,Individual,Elena,Petrova,1949-06-22,F,Russia,Saint Petersburg,Home,3,Yes,Agency,77,1131592.65,1,Residential Buyers
C0099,Individual,Jack,Hanson,1941-12-01,M,USA,California,Investment,4,No,Website,85,2000308.58,5,Corporate Buyers
C0100,Individual,Emmett,Estes,1969-06-05,M,USA,California,Home,3,No,Website,57,1449544.65,5,Corporate Buyers
C0101,Individual,Aniya,Miller,1951-03-02,F,USA,Nevada,Home,3,No,Website,75,1125013.8,0,Global Investors
C0102,Individual,Jack,Anderson,1947-02-13,M,USA,California,Investment,5,Yes,Website,79,3403263.85,5,Corporate Buyers
C0103,Individual,Kael,Hurley,1973-12-15,M,USA,Colorado,Home,3,No,Website,53,1483838.77,5,Corporate Buyers
C0104,Individual,Kamden,Stewart,1978-09-14,M,USA,California,Home,5,No,Website,48,1677155.01,5,Corporate Buyers
C0105,Individual,Aniyah,Ali,1959-11-03,F,USA,California,Investment,2,Yes,Website,67,1328084.36,5,Corporate Buyers
C0106,Individual,Simon,Bennett,1953-06-09,M,USA,Colorado,Home,4,No,Website,73,957679.27,5,Corporate Buyers
C0107,Individual,Laurel,Benitez,1959-08-06,M,USA,California,Home,4,Yes,Agency,67,1715058.23,5,Corporate Buyers
C0108,Individual,Trey,Strong,1958-12-20,M,USA,California,Home,4,No,Agency,68,1998798.72,5,Corporate Buyers
C0109,Individual,Myah,Roman,1933-05-05,F,USA,California,Investment,5,Yes,Agency,93,1995551.0899999999,5,Corporate Buyers
C0110,Individual,Nyla,Blake,1959-06-05,F,USA,California,Investment,5,Yes,Agency,67,1205555.46,5,Corporate Buyers
C0111,Individual,Kole,Shannon,1979-06-27,M,USA,Arizona,Home,2,Yes,Website,47,1198421.22,5,Corporate Buyers
C0112,Individual,Melany,Glover,1960-10-01,F,USA,California,Investment,1,Yes,Agency,66,1775142.2,5,Corporate Buyers
C0113,Individual,Arthur,Bray,1949-07-14,M,USA,Utah,Investment,4,No,Agency,77,1414433.46,5,Corporate Buyers
C0114,Individual,Kamila,Collier,1962-01-21,F,USA,California,Home,1,Yes,Website,64,1124004.05,5,Corporate Buyers
C0115,Individual,Amanda,Simon,1978-12-03,F,USA,California,Home,5,No,Agency,48,1757354.59,5,Corporate Buyers
C0116,Individual,Erika,Steward,1955-08-07,F,USA,California,Investment,4,No,Website,71,2484590.08,5,Corporate Buyers
C0117,Individual,Jakobe,Bailey,1964-10-06,M,UK,Scotland,Investment,4,No,Agency,62,2884556.25,1,Residential Buyers
C0118,Individual,Sonia,Choi,1948-11-09,F,USA,Oregon,Investment,5,No,Agency,78,1218377.19,5,Corporate Buyers
C0119,Individual,Erika,Gallagher,1942-07-19,F,USA,California,Home,1,Yes,Website,84,1603043.92,5,Corporate Buyers
C0120,Individual,Madeline,Michael,1953-07-30,F,USA,California,Home,4,Yes,Website,73,1753587.39,5,Corporate Buyers
C0121,Individual,Bennett,Chen,1950-07-18,M,USA,Nevada,Home,2,No,Website,76,1169150.31,0,Global Investors
C0122,Individual,Belinda,Hogan,1973-08-18,F,USA,California,Home,1,Yes,Agency,53,1412560.68,5,Corporate Buyers
C0123,Individual,Johanna,Fisher,1962-08-25,F,USA,California,Home,4,Yes,Website,64,1821348.69,5,Corporate Buyers
C0124,Individual,Jaylen,Turner,1963-07-15,F,USA,California,Home,4,No,Agency,63,1613985.08,5,Corporate Buyers
C0125,Individual,Michael,Juarez,1976-12-25,M,USA,Colorado,Home,4,Yes,Agency,50,1341108.25,5,Corporate Buyers
C0126,Individual,Adriana,Shaffer,1972-07-11,F,USA,California,Investment,2,No,Agency,54,1319929.46,5,Corporate Buyers
C0127,Individual,Julio,Leonard,1974-07-18,M,USA,Nevada,Home,2,Yes,Website,52,967474.23,0,Global Investors
C0128,Company,Abdiel,Co,1963-05-22,M,USA,Nevada,Investment,5,Yes,Website,63,1639392.9500000002,0,Global Investors
C0129,Individual,Warren,Pugh,1973-07-17,M,USA,Arizona,Investment,5,No,Website,53,1748372.75,5,Corporate Buyers
C0130,Individual,Luis,Crane,1959-04-20,M,USA,Nevada,Home,3,Yes,Website,67,1488042.88,0,Global Investors
C0131,Individual,Mohammad,Irwin,1971-12-02,M,USA,California,Home,1,No,Website,55,1428058.5499999998,5,Corporate Buyers
C0132,Individual,Davion,Stout,1965-07-20,M,USA,Nevada,Home,1,Yes,Agency,61,1203775.04,0,Global Investors
C0133,Individual,Logan,Simmons,1946-09-14,M,USA,California,Investment,4,No,Agency,80,1449799.93,5,Corporate Buyers
C0134,Individual,Kaylin,Villarreal,1932-06-13,F,Russia,Novosibirsk,Investment,3,No,Website,94,1761669.8699999999,1,Residential Buyers
C0135,Individual,Ruben,Melton,1939-03-05,M,USA,Utah,Investment,2,No,Agency,87,1221442.92,5,Corporate Buyers
C0136,Individual,Gianni,Fritz,1973-09-15,M,USA,California,Home,3,No,Website,53,1892554.72,5,Corporate Buyers
C0137,Individual,Emilie,Morrison,1957-10-29,F,USA,California,Home,3,Yes,Website,69,989750.45,5,Corporate Buyers
C0138,Individual,Crystal,Wyatt,1939-06-30,F,USA,Oregon,Investment,3,Yes,Website,87,1367824.55,5,Corporate Buyers
C0139,Individual,Annabel,Robles,1969-10-14,F,USA,California,Home,5,Yes,Website,57,1807366.3,5,Corporate Buyers
C0140,Individual,Rachel,Cross,1952-06-18,F,USA,California,Home,3,No,Website,74,1559561.53,5,Corporate Buyers
C0141,Individual,Madalyn,Mercer,1986-06-21,F,USA,California,Home,5,No,Website,40,1765019.09,5,Corporate Buyers
C0142,Individual,Michelle,Cameron,1978-06-04,F,USA,Nevada,Home,3,Yes,Website,48,1673770.19,0,Global Investors
C0143,Individual,Ezra,Lozano,1958-02-24,M,USA,California,Home,1,No,Website,68,2389960.3,5,Corporate Buyers
C0144,Individual,Ramiro,Oneill,1954-09-29,M,USA,California,Home,4,No,Agency,72,1897739.74,5,Corporate Buyers
C0145,Individual,Emely,Watts,1964-11-30,F,USA,California,Home,4,No,Website,62,1746571.55,5,Corporate Buyers
C0146,Individual,Hazel,Ayers,1963-02-01,M,USA,Colorado,Home,2,No,Website,63,1481536.3900000001,5,Corporate Buyers
C0147,Individual,Cedric,Goodwin,1948-02-20,M,USA,Utah,Home,4,No,Client,78,1398309.27,5,Corporate Buyers
C0148,Individual,Dayton,Hatfield,1969-04-19,M,USA,Colorado,Investment,4,Yes,Agency,57,1700383.7,5,Corporate Buyers
C0149,Individual,Piotr,Aleksandrov,1955-12-02,M,Russia,Krasnodar Krai,Investment,3,No,Agency,71,1049009.0,3,Risk-Averse Investors
C0150,Individual,Memphis,Mcconnell,1968-08-25,M,USA,California,Home,2,Yes,Website,58,1846066.58,5,Corporate Buyers
C0151,Individual,Arabella,Ferrell,1976-08-17,F,USA,Oregon,Home,1,No,Agency,50,1589086.32,5,Corporate Buyers
C0152,Individual,Sincere,Hansen,1967-01-19,F,USA,California,Investment,2,Yes,Agency,59,2539205.93,5,Corporate Buyers
C0153,Individual,Lara,Carrillo,1983-02-24,F,USA,California,Home,5,No,Website,43,1560375.26,5,Corporate Buyers
C0154,Individual,Valentina,Simpson,1965-01-24,F,USA,California,Home,4,Yes,Agency,61,2142457.31,5,Corporate Buyers
C0155,Company,Kamd,Co,1975-08-18,M,USA,California,Investment,5,No,Agency,51,1622885.53,5,Corporate Buyers
C0156,Individual,Case,Sanchez,1966-05-26,F,USA,California,Home,5,No,Website,60,1344903.47,5,Corporate Buyers
C0157,Individual,Van,Charles,1952-05-15,M,USA,Colorado,Home,2,Yes,Client,74,1060400.03,5,Corporate Buyers
C0158,Individual,Emmy,Singh,1979-12-03,F,USA,Virginia,Investment,3,Yes,Agency,47,1439477.66,5,Corporate Buyers
C0159,Individual,Colin,Campos,1942-04-14,M,USA,California,Home,3,No,Website,84,1596507.45,5,Corporate Buyers
C0160,Individual,Anya,Stephenson,1959-06-11,F,USA,California,Home,4,No,Website,67,1679716.96,5,Corporate Buyers
C0161,Individual,Parker,Poole,1951-11-10,M,USA,California,Home,5,No,Website,75,2534264.26,5,Corporate Buyers
C0162,Individual,Ivan,Bright,1953-09-15,M,USA,California,Home,4,No,Website,73,1135363.52,5,Corporate Buyers
C0163,Individual,Larry,Turner,1986-03-24,M,USA,Utah,Investment,5,Yes,Agency,40,1506594.21,5,Corporate Buyers
C0164,Individual,Matthew,Nelson,1986-09-20,M,USA,Arizona,Home,5,No,Website,40,1436152.54,5,Corporate Buyers
C0165,Individual,Mary,Hall,1956-07-11,F,USA,California,Home,3,Yes,Website,70,1276849.33,5,Corporate Buyers
C0166,Individual,Carolyn,Weaver,1984-01-24,F,USA,Arizona,Home,4,Yes,Agency,42,1273643.37,5,Corporate Buyers
C0167,Individual,Grace,Green,1955-02-02,F,UK,Scotland,Home,3,Yes,Website,71,2749577.33,1,Residential Buyers
C0168,Individual,Pamela,Sanders,1960-06-06,F,USA,Nevada,Home,3,No,Agency,66,1491785.87,0,Global Investors
C0169,Individual,Terry,Turner,1990-08-13,M,USA,Ohio,Investment,5,Yes,Agency,36,688864.2,5,Corporate Buyers
C0170,Individual,Jacob,Jones,1949-06-13,M,USA,California,Home,5,No,Website,77,1161316.17,5,Corporate Buyers
C0171,Individual,Julie,Sanders,1991-05-05,F,USA,Washington,Investment,5,Yes,Client,35,1278753.71,2,First-Time Buyers
C0172,Individual,Catherine,Carter,1992-09-16,F,USA,Washington,Home,1,Yes,Agency,34,1681471.9100000001,2,First-Time Buyers
C0173,Individual,Amber,Wilson,1976-07-20,F,USA,Arizona,Home,5,Yes,Agency,50,2619968.43,5,Corporate Buyers
C0174,Individual,Rachel,Harris,1982-07-06,F,USA,California,Investment,3,No,Client,44,865359.73,5,Corporate Buyers
C0175,Individual,Brandon,Alexander,1962-04-05,M,USA,Washington,Home,5,No,Agency,64,1606138.1199999999,2,First-Time Buyers
C0176,Individual,Hannah,Williams,1993-06-27,F,USA,California,Home,2,No,Website,33,2681927.91,5,Corporate Buyers
C0177,Individual,Sarah,Hansen,1951-03-05,F,UK,England,Home,5,Yes,Website,75,2269897.21,1,Residential Buyers
C0178,Individual,Laura,Chavez,1952-12-23,F,USA,Virginia,Home,4,No,Agency,74,2665917.96,5,Corporate Buyers
C0179,Individual,Ashley,Turner,1986-02-11,F,USA,Oregon,Investment,2,No,Website,40,2131372.11,5,Corporate Buyers
C0180,Individual,Jacob,Wilson,1943-01-28,M,USA,California,Home,2,Yes,Agency,83,2660292.37,5,Corporate Buyers
C0181,Individual,Lawrence,Peterson,1970-04-26,M,USA,Texas,Home,2,Yes,Website,56,2047189.62,5,Corporate Buyers
C0182,Individual,Virginia,Bennett,1971-12-02,F,Germany,North Rhine-Westphalia,Investment,1,Yes,Website,55,3082362.35,1,Residential Buyers
C0183,Individual,Nicholas,Green,1988-09-15,M,USA,Nevada,Home,3,No,Website,38,1883106.92,0,Global Investors
C0184,Individual,Peter,Pierce,1994-01-21,M,USA,Florida,Home,1,No,Website,32,2618938.16,5,Corporate Buyers
C0185,Individual,Andrea,Nelson,1945-07-02,F,USA,Nevada,Home,4,Yes,Agency,81,2491911.81,0,Global Investors
C0186,Individual,Carol,Green,1982-04-02,F,USA,Virginia,Home,1,No,Website,44,2674286.63,5,Corporate Buyers
C0187,Individual,Cheryl,Kim,1990-01-17,F,USA,Florida,Home,1,No,Website,36,2066651.1400000001,5,Corporate Buyers
C0188,Individual,Jose,Martin,1940-10-08,M,USA,Oregon,Home,5,Yes,Website,86,2891447.6,5,Corporate Buyers
C0189,Individual,Anna,Adams,1958-12-11,F,USA,California,Home,2,No,Agency,68,2209659.42,5,Corporate Buyers
C0190,Individual,Karen,Johnson,1971-10-19,F,USA,California,Home,2,No,Website,55,2276701.17,5,Corporate Buyers
C0191,Individual,Sarah,Turner,1977-05-06,F,USA,Florida,Home,3,No,Agency,49,2172926.7600000002,5,Corporate Buyers
C0192,Individual,Margaret,Moore,1984-02-04,F,Belgium,Brussels,Investment,2,Yes,Website,42,2900509.0999999996,1,Residential Buyers
C0193,Individual,Sharon,Campbell,1968-08-09,F,USA,California,Investment,4,Yes,Website,58,1933778.2399999998,5,Corporate Buyers
C0194,Individual,Jonathan,Hall,1953-08-18,M,France,Ile-de-France,Home,5,Yes,Website,73,2759372.27,1,Residential Buyers
C0195,Individual,Sean,Jones,1947-06-19,M,USA,California,Home,2,Yes,Website,79,2102233.85,5,Corporate Buyers
C0196,Individual,Alexander,Adams,1957-04-22,M,USA,Nevada,Investment,5,No,Agency,69,2611736.44,0,Global Investors
C0197,Individual,Kevin,Wright,1944-07-01,M,USA,Virginia,Home,4,No,Client,82,2775768.6,5,Corporate Buyers
C0198,Individual,Michelle,White,1976-01-28,F,USA,California,Home,4,No,Website,50,2399689.67,5,Corporate Buyers
C0199,Individual,Ryan,Brown,1958-04-13,M,USA,California,Home,3,No,Agency,68,2582959.87,5,Corporate Buyers
C0200,Individual,Linda,Harris,1944-05-06,F,USA,California,Home,1,No,Agency,82,1071359.3900000001,5,Corporate Buyers
C0201,Individual,Lauren,Weaver,1968-02-13,F,USA,California,Home,1,No,Agency,58,1298787.54,5,Corporate Buyers
C0202,Individual,Jack,Reyes,1996-11-11,M,Canada,British Columbia,Home,1,No,Website,30,1019272.5900000001,1,Residential Buyers
C0203,Individual,Christine,Brooks,1956-05-18,F,USA,California,Home,4,No,Client,70,1242478.83,5,Corporate Buyers
C0204,Individual,Joyce,Pierce,1947-01-10,F,USA,California,Home,5,No,Agency,79,934432.98,5,Corporate Buyers
C0205,Individual,Kelly,Nelson,1968-08-26,F,Mexico,Puebla,Home,1,Yes,Agency,58,949224.48,1,Residential Buyers
C0206,Individual,Nancy,Roberts,1957-05-08,F,USA,California,Home,1,Yes,Agency,69,853060.9299999999,5,Corporate Buyers
C0207,Individual,Kyle,Gray,1944-11-19,M,USA,Virginia,Investment,4,No,Website,82,889948.76,5,Corporate Buyers
C0208,Individual,Mark,James,1986-03-26,M,France,Provence,Home,4,Yes,Agency,40,1199654.38,1,Residential Buyers
C0209,Individual,Kyle,Moore,1949-08-22,M,USA,Arizona,Investment,3,No,Agency,77,979868.13,5,Corporate Buyers
C0210,Individual,Janice,Price,1943-03-24,F,USA,Colorado,Home,2,No,Website,83,1346156.55,5,Corporate Buyers
C0211,Individual,Amy,Evans,1972-02-23,F,USA,California,Home,3,No,Agency,54,1254240.07,5,Corporate Buyers
C0212,Individual,Jacob,Wood,1956-03-23,M,USA,California,Home,4,No,Agency,70,1068278.76,5,Corporate Buyers
C0213,Individual,Jason,Gray,1976-10-23,M,USA,Florida,Investment,5,No,Agency,50,809691.13,5,Corporate Buyers
C0214,Individual,Helen,Wood,1946-07-18,F,Belgium,Brussels,Investment,5,No,Website,80,1070534.6400000001,1,Residential Buyers
C0215,Individual,Lauren,Foster,1999-07-11,F,Germany,Hamburg,Investment,4,No,Website,27,1032856.46,1,Residential Buyers
C0216,Individual,Albert,Hansen,1999-07-19,M,USA,Utah,Home,1,No,Website,27,1352642.3399999999,5,Corporate Buyers
C0217,Individual,Deborah,Miller,1984-07-11,F,USA,Colorado,Home,3,No,Website,42,1238434.91,5,Corporate Buyers
C0218,Individual,Shirley,Anderson,1970-01-24,F,USA,California,Home,2,No,Website,56,836639.27,5,Corporate Buyers
C0219,Individual,William,Turner,1988-01-20,M,USA,California,Home,4,No,Website,38,1267653.57,5,Corporate Buyers
C0220,Individual,Walter,Phillips,1951-06-06,M,Canada,Ontario,Investment,1,No,Website,75,1060812.68,1,Residential Buyers
C0221,Company,Atlas,Co,1987-05-14,F,USA,California,Home,5,No,Website,39,1377133.5999999999,5,Corporate Buyers
C0222,Individual,Christopher,Stone,1956-11-08,M,USA,Utah,Investment,3,No,Agency,70,1223560.82,5,Corporate Buyers
C0223,Individual,Patrick,Hansen,1973-11-12,M,USA,Colorado,Investment,3,Yes,Website,53,969341.87,5,Corporate Buyers
C0224,Individual,Nathan,Richardson,1960-08-23,M,USA,Colorado,Home,5,No,Website,66,1189255.63,5,Corporate Buyers
C0225,Individual,Evelyn,Reyes,1948-12-19,F,USA,California,Home,1,Yes,Agency,78,1120626.94,5,Corporate Buyers
C0226,Individual,Julia,Jordan,1958-07-11,F,USA,Colorado,Home,2,No,Website,68,1571251.03,5,Corporate Buyers
C0227,Individual,Rachel,Evans,1944-10-23,F,USA,Arizona,Home,5,Yes,Website,82,942245.37,5,Corporate Buyers
C0228,Individual,Hannah,Owens,1952-04-23,F,USA,Oregon,Investment,4,No,Website,74,606605.72,5,Corporate Buyers
C0229,Individual,Jose,Turner,1981-11-19,M,USA,Colorado,Investment,5,No,Website,45,892220.13,5,Corporate Buyers
C0230,Company,Forsyte,Co,1977-07-22,M,USA,Nevada,Investment,4,Yes,Website,49,1457429.02,0,Global Investors
C0231,Individual,Ronald,Rogers,1993-12-18,M,Denmark,Central Denmark,Investment,2,Yes,Website,33,729893.08,1,Residential Buyers
C0232,Individual,Megan,Kim,1962-05-04,F,USA,California,Home,3,Yes,Website,64,1276710.4900000002,5,Corporate Buyers
C0233,Individual,Larry,Garcia,1997-09-10,M,France,Provence,Home,4,Yes,Website,29,1105806.54,1,Residential Buyers
C0234,Individual,Andrea,Hughes,1979-03-02,F,USA,New York,Home,1,Yes,Website,47,839967.04,5,Corporate Buyers
C0235,Individual,Kenneth,Allen,1949-10-10,M,USA,California,Home,5,No,Website,77,1268586.58,5,Corporate Buyers
C0236,Individual,Gerald,Howard,1972-08-10,M,Canada,Manitoba,Home,3,No,Agency,54,1321475.69,1,Residential Buyers
C0237,Individual,Jason,Nelson,1984-11-03,M,USA,California,Home,5,Yes,Website,42,1392353.31,5,Corporate Buyers
C0238,Individual,Amber,Patterson,1982-01-08,F,USA,Virginia,Home,4,Yes,Agency,44,1125732.72,5,Corporate Buyers
C0239,Individual,Megan,Baker,1973-02-18,F,USA,Oregon,Home,3,Yes,Website,53,1352763.67,5,Corporate Buyers
C0240,Individual,Amber,Morales,1942-05-15,F,USA,Colorado,Investment,3,No,Website,84,935028.28,5,Corporate Buyers
C0241,Individual,Kelly,Anderson,1962-01-14,F,Mexico,Nuevo Leon,Home,5,Yes,Website,64,1025934.71,5,Corporate Buyers
C0242,Individual,Stephen,Peterson,1998-03-16,M,USA,Utah,Home,3,Yes,Agency,28,1358315.73,5,Corporate Buyers
C0243,Individual,Nancy,Patterson,1978-07-11,F,USA,Utah,Home,2,No,Website,48,1382777.8900000001,5,Corporate Buyers
C0244,Individual,Joyce,Pierce,1998-08-03,F,USA,California,Home,1,No,Website,28,1046652.28,5,Corporate Buyers
C0245,Individual,Sean,Long,1974-01-07,M,USA,Nevada,Investment,4,No,Agency,52,1354584.5,0,Global Investors
C0246,Individual,Stephen,Pierce,1992-05-15,M,France,Normandy,Home,1,Yes,Agency,34,1024485.26,1,Residential Buyers
C0247,Individual,Kevin,Morris,1965-01-18,M,USA,California,Home,1,No,Website,61,1696540.52,5,Corporate Buyers
C0248,Individual,Carl,Collins,1968-12-09,M,USA,Florida,Home,4,Yes,Agency,58,1035934.63,5,Corporate Buyers
C0249,Individual,Stephanie,Montgomery,1968-12-05,F,USA,California,Investment,4,No,Agency,58,1142995.52,5,Corporate Buyers
C0250,Individual,Justin,Stewart,1947-10-19,M,UK,England,Home,2,No,Agency,79,982306.66,1,Residential Buyers
C0251,Individual,Janice,Chavez,1976-08-11,F,USA,Utah,Home,5,No,Website,50,463611.95,5,Corporate Buyers
C0252,Individual,Elizabeth,Rogers,1953-08-23,F,USA,Nevada,Investment,2,No,Website,73,1082221.48,0,Global Investors
C0253,Individual,Betty,Hughes,1994-09-15,F,USA,Virginia,Home,4,No,Website,32,1239226.11,5,Corporate Buyers
C0254,Individual,Rachel,Freeman,1956-07-21,F,USA,Florida,Home,5,No,Website,70,1332152.57,5,Corporate Buyers
C0255,Individual,Sara,Jones,1961-02-08,F,UK,England,Investment,3,Yes,Client,65,1689083.06,1,Residential Buyers
C0256,Individual,Anthony,Hughes,1990-12-10,M,USA,California,Home,1,Yes,Website,36,1150229.15,5,Corporate Buyers
C0257,Individual,Nicholas,Kim,1974-10-22,M,USA,California,Home,1,No,Website,52,1145456.23,5,Corporate Buyers
C0258,Individual,Carl,Murray,1991-04-15,M,UK,Northern Ireland,Home,4,Yes,Agency,35,1001712.37,1,Residential Buyers
C0259,Individual,Emma,Chavez,1990-02-15,F,USA,Oregon,Home,4,No,Website,36,779396.4099999999,5,Corporate Buyers
C0260,Individual,Rebecca,Wood,1946-08-04,F,USA,Nevada,Investment,3,No,Website,80,1057192.79,0,Global Investors
C0261,Company,Celera,Co,1985-05-13,F,USA,Florida,Investment,4,Yes,Website,41,2094623.1,5,Corporate Buyers
C0262,Individual,Billy,Bryant,1947-05-25,M,USA,Oregon,Home,2,No,Website,79,1233260.4,5,Corporate Buyers
C0263,Individual,Anthony,Garcia,1981-08-02,M,USA,Nevada,Investment,2,Yes,Website,45,969140.41,0,Global Investors
C0264,Individual,Melissa,Baker,1992-09-12,F,USA,Colorado,Home,2,Yes,Agency,34,1127766.02,5,Corporate Buyers
C0265,Company,Celera,Co,1967-04-13,M,Belgium,Flanders,Home,1,No,Website,59,1708031.99,1,Residential Buyers
C0266,Individual,Aaron,Owens,1977-02-26,M,USA,California,Home,5,Yes,Agency,49,931646.38,5,Corporate Buyers
C0267,Individual,Judy,Howard,1948-11-12,F,USA,Utah,Home,4,Yes,Agency,78,1314495.01,5,Corporate Buyers
C0268,Individual,Danielle,Carter,1959-02-21,F,USA,Georgia,Investment,3,No,Website,67,1108939.8599999999,5,Corporate Buyers
C0269,Individual,David,Stewart,1969-02-04,M,USA,New York,Home,2,No,Agency,57,1049110.08,5,Corporate Buyers
C0270,Individual,Megan,Allen,1944-07-21,F,USA,Florida,Home,5,No,Website,82,924009.9,5,Corporate Buyers
C0271,Individual,Laura,Hughes,1972-04-28,F,USA,California,Investment,3,No,Agency,54,1295689.37,5,Corporate Buyers
C0272,Individual,Pamela,Green,1993-08-03,F,UK,Scotland,Home,5,Yes,Website,33,1439584.37,1,Residential Buyers
C0273,Individual,Paul,Morales,1987-02-27,M,Denmark,Zealand,Investment,2,No,Website,39,682452.64,1,Residential Buyers
C0274,Individual,Raymond,Young,1950-10-01,M,USA,Florida,Home,2,No,Website,76,1343449.34,5,Corporate Buyers
C0275,Individual,William,Thompson,2000-06-26,M,USA,Oregon,Home,1,Yes,Website,26,1237500.3,5,Corporate Buyers
C0276,Individual,Gloria,Harris,1953-02-16,F,USA,Washington,Home,5,No,Website,73,1011195.98,2,First-Time Buyers
C0277,Individual,Jordan,Garcia,1954-11-17,M,USA,Colorado,Investment,1,Yes,Agency,72,1123449.53,5,Corporate Buyers
C0278,Individual,Margaret,Foster,1955-08-03,F,USA,California,Investment,2,Yes,Website,71,1442538.67,5,Corporate Buyers
C0279,Individual,Heather,Montgomery,1967-05-15,F,USA,Oregon,Home,1,No,Website,59,1012986.25,5,Corporate Buyers
C0280,Individual,Nathan,Price,1944-04-14,M,USA,Florida,Home,4,No,Client,82,1282020.93,5,Corporate Buyers
C0281,Individual,Katherine,Phillips,1977-03-22,F,USA,California,Home,1,Yes,Agency,49,1256275.37,5,Corporate Buyers
C0282,Individual,Emily,Owens,1997-10-18,F,USA,California,Investment,1,No,Website,29,973863.8,5,Corporate Buyers
C0283,Individual,Susan,Edwards,1962-05-12,F,USA,Arizona,Home,2,Yes,Agency,64,1118599.47,5,Corporate Buyers
C0284,Individual,Patrick,Owens,1977-02-25,M,USA,Arizona,Home,4,No,Client,49,1251975.85,5,Corporate Buyers
C0285,Individual,Billy,Parker,1999-03-09,M,France,Ile-de-France,Investment,3,No,Website,27,1679056.13,1,Residential Buyers
C0286,Individual,Noah,Brooks,1996-03-24,M,UK,Scotland,Home,1,No,Agency,30,859353.0900000001,1,Residential Buyers
C0287,Individual,Joan,Bell,1990-06-10,F,Australia,New South Wales,Home,5,No,Website,36,1171265.03,1,Residential Buyers
C0288,Individual,Kevin,Freeman,1997-11-03,M,USA,Colorado,Investment,4,No,Agency,29,1364289.23,5,Corporate Buyers
C0289,Individual,Laura,Hayes,1993-06-14,F,USA,California,Investment,5,No,Agency,33,1533862.35,5,Corporate Buyers
C0290,Individual,Ryan,Watson,1962-01-01,M,USA,California,Home,2,No,Website,64,1215398.18,5,Corporate Buyers
C0291,Individual,James,Bryant,1953-07-06,M,USA,Nevada,Home,2,No,Agency,73,1322506.76,0,Global Investors
C0292,Individual,Karen,Watson,1945-12-02,F,USA,California,Home,1,No,Agency,81,1442818.3399999999,5,Corporate Buyers
C0293,Individual,Ruth,Collins,1993-07-01,F,USA,California,Investment,4,No,Website,33,1580876.65,5,Corporate Buyers
C0294,Individual,Nicholas,Reyes,1963-07-17,M,USA,Nevada,Home,3,Yes,Website,63,1027250.91,0,Global Investors
C0295,Individual,Roger,Harris,1967-09-07,M,Russia,Tatarstan,Home,3,No,Agency,59,1350375.73,1,Residential Buyers
C0296,Individual,Mark,Young,1984-04-06,M,Canada,Manitoba,Home,1,Yes,Client,42,1142875.46,1,Residential Buyers
C0297,Individual,Julia,Murray,1972-11-19,F,UK,Wales,Investment,5,No,Agency,54,1709184.75,1,Residential Buyers
C0298,Individual,Sarah,Patterson,1972-11-10,F,USA,Oregon,Home,3,No,Website,54,1262479.23,5,Corporate Buyers
C0299,Individual,Barbara,Davis,1977-05-03,F,UK,Wales,Home,5,No,Agency,49,1177661.76,1,Residential Buyers
C0300,Individual,Zachary,Peterson,1959-04-11,M,Canada,Alberta,Home,5,Yes,Website,67,844956.55,1,Residential Buyers
C0301,Individual,Lisa,Alexander,1959-03-02,F,USA,Virginia,Home,4,No,Agency,67,1045776.52,5,Corporate Buyers
C0302,Individual,Maria,Edwards,1976-07-25,F,USA,Utah,Investment,1,No,Agency,50,1654300.33,5,Corporate Buyers
C0303,Individual,Betty,Owens,1957-07-10,F,USA,Virginia,Investment,5,Yes,Website,69,1519113.12,5,Corporate Buyers
C0304,Individual,Patrick,Morris,1959-12-22,M,USA,California,Investment,1,No,Agency,67,1685753.28,5,Corporate Buyers
C0305,Individual,Emily,Kim,1995-11-22,F,USA,Arizona,Home,1,No,Website,31,1327736.23,5,Corporate Buyers
C0306,Individual,Samuel,Foster,1988-04-05,M,USA,California,Home,1,No,Client,38,1399698.79,5,Corporate Buyers
C0307,Individual,Samuel,Freeman,1992-10-13,M,USA,California,Home,5,Yes,Client,34,1490170.3800000001,5,Corporate Buyers
C0308,Individual,Catherine,Roberts,1972-10-10,F,Belgium,Flanders,Investment,4,Yes,Agency,54,1176582.54,1,Residential Buyers
C0309,Individual,Stephanie,Cox,1957-10-15,F,USA,Washington,Home,4,No,Agency,69,1382649.58,2,First-Time Buyers
C0310,Individual,Edward,Weaver,1992-05-02,M,UK,Northern Ireland,Home,3,No,Website,34,1389329.62,1,Residential Buyers
C0311,Individual,Justin,Anderson,1952-03-09,M,USA,Georgia,Home,2,No,Website,74,1632999.56,5,Corporate Buyers
C0312,Individual,Zachary,Cooper,1941-01-14,M,USA,Nevada,Home,3,Yes,Website,85,1105668.66,0,Global Investors
C0313,Company,Stratos,Co,1974-04-12,M,USA,California,Home,1,No,Agency,52,1091085.9300000002,5,Corporate Buyers
C0314,Individual,Andrew,Jones,1982-08-23,M,USA,Washington,Investment,4,No,Agency,44,1040795.02,2,First-Time Buyers
C0315,Individual,Michael,Phillips,1987-03-18,M,Mexico,Baja California,Investment,5,No,Website,39,1178606.56,5,Corporate Buyers
C0316,Individual,Brandon,Martin,1997-04-14,M,UK,Scotland,Investment,4,Yes,Website,29,1792447.27,1,Residential Buyers
C0317,Individual,Amber,Hansen,1999-11-17,F,USA,California,Investment,2,Yes,Website,27,1248444.31,5,Corporate Buyers
C0318,Individual,Amy,Peterson,1974-03-22,F,Germany,Berlin,Home,5,No,Website,52,871968.67,1,Residential Buyers
C0319,Company,Zynex,Co,1995-11-12,F,USA,Texas,Home,5,Yes,Website,31,2061054.65,5,Corporate Buyers
C0320,Individual,Tyler,Cox,1984-12-01,M,USA,Texas,Home,3,Yes,Client,42,1317732.09,5,Corporate Buyers
C0321,Individual,Jesse,Cook,1992-01-12,M,USA,California,Investment,2,No,Agency,34,1701753.71,5,Corporate Buyers
C0322,Individual,Deborah,Moore,1996-12-25,F,USA,California,Home,2,Yes,Website,30,1347002.93,5,Corporate Buyers
C0323,Individual,Samantha,Hayes,1975-09-16,F,USA,California,Investment,2,Yes,Website,51,1230825.62,5,Corporate Buyers
C0324,Individual,Raymond,Parker,1993-06-14,M,USA,Washington,Home,4,No,Website,33,1147121.25,2,First-Time Buyers
C0325,Individual,Maria,Flores,1983-02-24,F,USA,California,Home,5,Yes,Agency,43,1205175.56,5,Corporate Buyers
C0326,Individual,Daniel,Reed,1958-05-10,M,USA,Oregon,Investment,4,Yes,Agency,68,1321975.5,5,Corporate Buyers
C0327,Individual,Elizabeth,Ward,1961-07-09,F,UK,Scotland,Home,1,No,Agency,65,1116366.72,1,Residential Buyers
C0328,Individual,William,Young,1946-10-22,M,USA,California,Home,1,Yes,Client,80,1356560.31,5,Corporate Buyers
C0329,Individual,Diane,Morales,1998-10-05,F,Germany,Hesse,Home,3,No,Agency,28,770062.4,1,Residential Buyers
C0330,Individual,Christian,Richardson,1975-06-21,M,USA,California,Home,1,No,Website,51,1331463.63,5,Corporate Buyers
C0331,Individual,Ann,Martin,1984-05-23,F,USA,California,Investment,3,No,Agency,42,1546334.4,5,Corporate Buyers
C0332,Individual,Christopher,Price,1989-12-15,M,USA,Texas,Investment,3,No,Website,37,1209987.46,5,Corporate Buyers
C0333,Individual,Helen,Hall,1955-12-23,F,UK,Wales,Home,3,No,Website,71,1118960.06,1,Residential Buyers
C0334,Individual,Andrew,Roberts,1950-08-01,M,USA,Arizona,Investment,3,No,Agency,76,1445655.93,5,Corporate Buyers
C0335,Individual,Charles,Morris,1975-12-24,M,USA,Arizona,Home,4,No,Website,51,1478341.12,5,Corporate Buyers
C0336,Individual,Karen,Price,1971-11-17,F,USA,California,Investment,5,No,Agency,55,1163690.5899999999,5,Corporate Buyers
C0337,Individual,Nathan,Alexander,1942-01-27,M,USA,Arizona,Home,3,Yes,Website,84,759310.2,5,Corporate Buyers
C0338,Individual,Patrick,Flores,1943-05-28,M,USA,California,Home,5,Yes,Website,83,1488671.1300000001,5,Corporate Buyers
C0339,Individual,Keith,King,1963-10-05,M,USA,Utah,Investment,5,No,Agency,63,1548824.23,5,Corporate Buyers
C0340,Individual,Daniel,Garcia,1940-11-25,M,USA,California,Investment,2,No,Agency,86,1047500.4199999999,5,Corporate Buyers
C0341,Individual,Carl,Chavez,1982-11-10,M,USA,California,Investment,4,No,Agency,44,1679555.42,5,Corporate Buyers
C0342,Individual,Kevin,Hughes,1974-08-15,M,USA,California,Investment,2,No,Client,52,1290567.3900000001,5,Corporate Buyers
C0343,Individual,Joyce,Thompson,1952-06-17,F,USA,California,Home,2,No,Website,74,1630923.97,5,Corporate Buyers
C0344,Individual,Joshua,Jackson,1997-05-13,M,Canada,British Columbia,Home,2,Yes,Website,29,1276344.68,1,Residential Buyers
C0345,Individual,Stephanie,Hall,1969-09-15,F,USA,New York,Home,4,Yes,Website,57,1339687.25,5,Corporate Buyers
C0346,Individual,Amy,Nelson,1963-06-02,F,USA,California,Home,5,No,Agency,63,1174812.8599999999,5,Corporate Buyers
C0347,Individual,Mark,Reyes,1992-05-24,M,USA,Washington,Home,3,Yes,Website,34,1378006.45,2,First-Time Buyers
C0348,Individual,Jack,Pierce,1982-02-13,M,USA,Colorado,Investment,5,Yes,Agency,44,1482633.92,5,Corporate Buyers
C0349,Individual,Paul,Jackson,1975-06-26,M,USA,Arizona,Home,2,Yes,Agency,51,1065745.84,5,Corporate Buyers
C0350,Individual,Richard,Jones,1992-12-11,M,USA,Arizona,Home,2,No,Agency,34,1066408.3,5,Corporate Buyers
C0351,Individual,Michelle,Watson,1961-12-27,F,USA,Oregon,Home,5,No,Agency,65,1551113.76,5,Corporate Buyers
C0352,Individual,Judith,Williams,1977-06-22,F,USA,Nevada,Investment,3,No,Agency,49,1339830.04,0,Global Investors
C0353,Individual,Anna,Murray,1964-04-24,F,USA,Arizona,Home,2,No,Agency,62,889855.16,5,Corporate Buyers
C0354,Individual,Kimberly,Turner,1998-10-23,F,USA,California,Home,4,No,Website,28,962196.6000000001,5,Corporate Buyers
C0355,Individual,Henry,Alexander,1951-10-16,M,Mexico,Baja California,Investment,1,No,Website,75,1029593.97,5,Corporate Buyers
C0356,Individual,Andrea,Kim,1976-06-06,F,USA,Georgia,Home,3,No,Website,50,964351.9,5,Corporate Buyers
C0357,Individual,Danielle,Griffin,1988-04-09,F,USA,California,Home,3,No,Website,38,970629.22,5,Corporate Buyers
C0358,Individual,Katherine,Griffin,1978-09-26,F,Australia,New South Wales,Home,3,Yes,Agency,48,1150919.74,1,Residential Buyers
C0359,Individual,Julie,Cooper,1951-03-10,F,USA,California,Investment,1,No,Agency,75,1098189.8900000001,5,Corporate Buyers
C0360,Individual,Laura,Baker,1948-09-09,F,USA,Utah,Home,2,Yes,Agency,78,1978026.48,5,Corporate Buyers
C0361,Individual,Nicholas,Miller,1958-09-08,M,UK,England,Home,1,Yes,Website,68,1468372.25,1,Residential Buyers
C0362,Individual,Betty,Moore,2000-09-06,F,USA,Utah,Home,4,No,Website,26,1129669.4,5,Corporate Buyers
C0363,Individual,Christine,Edwards,1959-01-25,F,USA,Utah,Investment,2,No,Client,67,1232301.44,5,Corporate Buyers
C0364,Individual,George,Gray,1944-03-02,M,USA,Texas,Home,2,No,Website,82,1492505.18,5,Corporate Buyers
C0365,Individual,Brandon,Morales,1962-02-11,M,USA,Colorado,Investment,5,No,Agency,64,951259.9,5,Corporate Buyers
C0366,Individual,Keith,Long,1983-04-26,M,USA,California,Home,4,No,Website,43,1420135.32,5,Corporate Buyers
C0367,Individual,Samuel,Collins,1964-11-25,M,USA,California,Investment,4,No,Agency,62,1662617.88,5,Corporate Buyers
C0368,Individual,Betty,Scott,1992-08-11,F,USA,California,Home,4,Yes,Agency,34,1494552.45,5,Corporate Buyers
C0369,Individual,Helen,Murray,1954-10-01,F,USA,Utah,Home,2,Yes,Agency,72,1586439.08,5,Corporate Buyers
C0370,Individual,Michelle,Brooks,1957-09-23,F,Russia,Krasnodar Krai,Home,1,No,Website,69,1613633.3900000001,3,Risk-Averse Investors
C0371,Individual,Ryan,Moore,1970-03-15,M,Belgium,Wallonia,Investment,3,No,Agency,56,827208.61,1,Residential Buyers
C0372,Individual,Teresa,Nelson,1952-04-22,F,Belgium,Flanders,Investment,1,No,Agency,74,1280128.06,1,Residential Buyers
C0373,Individual,Karen,Morales,1993-01-27,F,USA,Georgia,Home,2,No,Agency,33,1047277.1799999999,5,Corporate Buyers
C0374,Individual,Madison,Hughes,1993-11-07,F,Australia,New South Wales,Investment,4,Yes,Agency,33,916825.86,1,Residential Buyers
C0375,Individual,Kyle,Thompson,1968-07-15,M,USA,California,Investment,4,No,Website,58,1178580.6400000001,5,Corporate Buyers
C0376,Individual,Shirley,Smith,1953-04-19,F,USA,California,Home,3,No,Website,73,1182808.29,5,Corporate Buyers
C0377,Individual,Charles,Patterson,1998-05-14,M,USA,Washington,Home,4,No,Website,28,822780.32,2,First-Time Buyers
C0378,Individual,Heather,Anderson,1957-11-28,F,USA,California,Investment,3,Yes,Website,69,812387.51,5,Corporate Buyers
C0379,Company,Optima,Co,1977-04-22,M,USA,California,Investment,2,Yes,Client,49,1254919.3599999999,5,Corporate Buyers
C0380,Individual,Evelyn,Chavez,1973-09-13,F,USA,California,Home,3,Yes,Website,53,939708.87,5,Corporate Buyers
C0381,Individual,David,Gray,1961-01-08,M,USA,California,Home,5,Yes,Agency,65,878913.19,5,Corporate Buyers
C0382,Individual,Nicholas,Garcia,1975-08-08,M,USA,California,Investment,1,Yes,Agency,51,980139.25,5,Corporate Buyers
C0383,Company,Novex,Co,1985-11-09,F,Mexico,Mexico City,Investment,3,No,Agency,41,968070.64,1,Residential Buyers
C0384,Individual,Amy,Stewart,1944-03-22,F,USA,California,Home,3,Yes,Website,82,1010761.74,5,Corporate Buyers
C0385,Individual,Douglas,Owens,1969-01-12,M,UK,Northern Ireland,Investment,4,No,Website,57,1289646.4100000001,1,Residential Buyers
C0386,Individual,Carol,Stewart,1976-03-25,F,USA,Colorado,Home,2,No,Client,50,1633972.21,5,Corporate Buyers
C0387,Individual,Jessica,Owens,1974-07-18,F,USA,California,Home,2,Yes,Website,52,1992983.55,5,Corporate Buyers
C0388,Individual,Zachary,Cox,1995-09-24,M,USA,California,Home,4,No,Agency,31,961894.92,5,Corporate Buyers
C0389,Individual,Ronald,Stone,1954-11-18,M,USA,Colorado,Home,3,No,Website,72,1261549.0899999999,5,Corporate Buyers
C0390,Individual,Steven,Griffin,1942-04-23,M,Canada,Quebec,Investment,2,No,Website,84,1678762.0699999998,1,Residential Buyers
C0391,Individual,Heather,Long,1966-11-12,F,USA,California,Home,5,No,Agency,60,1035012.9099999999,5,Corporate Buyers
C0392,Individual,Katherine,Adams,1977-06-14,F,USA,Arizona,Home,2,Yes,Website,49,1015830.03,5,Corporate Buyers
C0393,Individual,Nicole,Allen,1988-06-08,F,USA,Arizona,Home,4,No,Agency,38,1616556.78,5,Corporate Buyers
C0394,Individual,Shirley,Foster,1954-11-24,F,USA,Colorado,Home,3,Yes,Website,72,1258840.0,5,Corporate Buyers
C0395,Individual,Deborah,Chavez,1959-01-17,F,USA,Florida,Home,1,No,Website,67,1153134.48,5,Corporate Buyers
C0396,Individual,Charles,Allen,2000-04-17,M,USA,Nevada,Home,5,No,Agency,26,1181447.25,0,Global Investors
C0397,Individual,Hannah,Williams,2000-09-18,F,USA,California,Home,5,No,Website,26,793543.27,5,Corporate Buyers
C0398,Individual,Jennifer,Alexander,1948-12-22,F,USA,Texas,Home,1,Yes,Agency,78,1186693.85,5,Corporate Buyers
C0399,Individual,Albert,Kim,1984-06-09,M,USA,California,Home,4,No,Agency,42,1229057.49,5,Corporate Buyers
C0400,Individual,Brandon,Anderson,1959-11-25,M,USA,California,Home,4,No,Agency,67,1360152.99,5,Corporate Buyers
C0401,Individual,Brian,Anderson,1969-07-21,M,USA,Arizona,Home,5,Yes,Website,57,1020913.0700000001,5,Corporate Buyers
C0402,Individual,Brenda,Garcia,1941-02-22,F,USA,Georgia,Home,5,No,Website,85,1054166.95,5,Corporate Buyers
C0403,Individual,Jennifer,Adams,1963-03-25,F,Australia,New South Wales,Home,1,No,Website,63,878792.98,1,Residential Buyers
C0404,Individual,Sara,Cook,1976-12-05,F,France,Normandy,Investment,1,No,Client,50,731788.96,1,Residential Buyers
C0405,Company,Horizon,Co,1969-12-25,M,USA,Colorado,Home,1,No,Agency,57,1310963.25,5,Corporate Buyers
C0406,Individual,Christine,Brown,1960-05-26,F,USA,Colorado,Home,3,No,Website,66,1317165.12,5,Corporate Buyers
C0407,Individual,Lisa,Freeman,1982-04-23,F,USA,California,Home,2,No,Client,44,1254494.91,5,Corporate Buyers
C0408,Individual,Tyler,Rogers,1977-02-03,M,USA,California,Home,3,No,Website,49,1320497.01,5,Corporate Buyers
C0409,Individual,Timothy,Reyes,1972-09-18,M,USA,Nevada,Home,1,Yes,Website,54,1816669.2,0,Global Investors
C0410,Individual,Diane,Johnson,1982-07-13,F,Russia,Saint Petersburg,Home,5,Yes,Agency,44,1021706.02,1,Residential Buyers
C0411,Individual,Amanda,Moore,1983-05-09,F,USA,California,Home,2,No,Website,43,896987.21,5,Corporate Buyers
C0412,Individual,Karen,Richardson,1984-04-24,F,UK,Scotland,Home,5,No,Website,42,1100376.25,1,Residential Buyers
C0413,Individual,Brandon,Smith,1940-07-11,M,Canada,British Columbia,Home,3,No,Website,86,1769126.22,1,Residential Buyers
C0414,Individual,Brandon,Reed,1962-12-07,M,USA,California,Home,4,No,Website,64,1412148.94,5,Corporate Buyers
C0415,Individual,Grace,Turner,1980-07-09,F,USA,Nevada,Home,5,Yes,Agency,46,1305928.3499999999,0,Global Investors
C0416,Company,Bravada,Co,1981-07-28,M,Germany,North Rhine-Westphalia,Investment,5,Yes,Client,45,1059532.51,1,Residential Buyers
C0417,Individual,Peter,Collins,1947-12-03,M,USA,Utah,Home,2,No,Website,79,1354773.96,5,Corporate Buyers
C0418,Individual,Douglas,Howard,1996-08-20,M,USA,Arizona,Home,5,No,Agency,30,1629486.83,5,Corporate Buyers
C0419,Individual,Jack,Hansen,1962-11-03,M,USA,Washington,Home,3,Yes,Agency,64,1174012.19,2,First-Time Buyers
C0420,Individual,Debra,Reyes,1994-01-04,F,USA,California,Home,5,No,Agency,32,1260096.1600000001,5,Corporate Buyers
C0421,Individual,Zachary,Cox,1975-08-25,M,Germany,Hesse,Investment,5,Yes,Website,51,1495763.3699999999,1,Residential Buyers
C0422,Company,Telnox,Co,1973-11-13,F,USA,California,Home,1,Yes,Client,53,1653171.62,5,Corporate Buyers
C0423,Individual,Rachel,Sanders,1950-04-17,F,USA,California,Home,1,No,Client,76,1068716.19,5,Corporate Buyers
C0424,Individual,Sarah,Stewart,1998-12-04,F,USA,Florida,Home,1,No,Website,28,1034036.3,5,Corporate Buyers
C0425,Individual,Gerald,Wright,1965-03-11,M,USA,Nevada,Home,2,No,Agency,61,1256932.48,0,Global Investors
C0426,Individual,Julie,Brown,1953-10-07,F,USA,Oregon,Home,4,Yes,Client,73,890250.61,5,Corporate Buyers
C0427,Individual,Sarah,Peterson,1994-09-06,F,USA,California,Home,4,Yes,Website,32,1457016.31,5,Corporate Buyers
C0428,Individual,Gloria,Rogers,1962-07-20,F,USA,Oregon,Home,3,No,Agency,64,984451.32,5,Corporate Buyers
C0429,Individual,Danielle,Stone,1995-11-05,F,USA,California,Home,3,Yes,Website,31,1503904.1600000001,5,Corporate Buyers
C0430,Individual,Roger,Wood,1974-10-05,M,USA,Nevada,Home,2,No,Agency,52,931141.96,0,Global Investors
C0431,Individual,Austin,King,1969-05-05,M,USA,California,Home,5,Yes,Website,57,1544751.33,5,Corporate Buyers
C0432,Company,Grandis,Co,1995-02-17,M,USA,California,Home,5,No,Agency,31,1277850.15,5,Corporate Buyers
C0433,Individual,Ruth,Hughes,1969-03-03,F,USA,California,Investment,2,Yes,Website,57,1937061.37,5,Corporate Buyers
C0434,Individual,Amanda,Sanders,1964-12-25,F,Russia,Tatarstan,Home,5,No,Website,62,1364889.24,1,Residential Buyers
C0435,Individual,Sara,Richardson,1966-01-25,F,Australia,New South Wales,Home,5,Yes,Website,60,908970.34,1,Residential Buyers
C0436,Individual,Brandon,Jones,1972-05-12,M,USA,Colorado,Home,2,Yes,Client,54,1327594.64,5,Corporate Buyers
C0437,Individual,Danielle,James,1990-10-05,F,USA,Texas,Home,1,No,Website,36,657032.8200000001,5,Corporate Buyers
C0438,Individual,Gregory,Collins,1982-10-09,M,USA,Georgia,Investment,1,Yes,Client,44,1458641.1,5,Corporate Buyers
C0439,Individual,Larry,Thompson,1956-03-08,M,USA,Virginia,Home,2,No,Agency,70,1273328.62,5,Corporate Buyers
C0440,Individual,Lawrence,Parker,1960-07-13,M,USA,California,Investment,1,No,Agency,66,703498.83,5,Corporate Buyers
C0441,Individual,Joan,Foster,1980-10-01,F,Russia,Krasnodar Krai,Investment,1,No,Agency,46,1525849.55,3,Risk-Averse Investors
C0442,Individual,Sarah,Hansen,1975-04-14,F,USA,Colorado,Home,3,Yes,Website,51,1707466.97,5,Corporate Buyers
C0443,Individual,Noah,Foster,1950-06-22,M,Denmark,Capital Region,Home,1,Yes,Agency,76,1355839.1,4,Luxury Investors
C0444,Individual,Jennifer,Martin,1941-03-15,F,USA,California,Home,2,No,Website,85,1054514.54,5,Corporate Buyers
C0445,Individual,Michelle,Evans,1995-11-12,F,USA,California,Home,2,Yes,Website,31,1425691.63,5,Corporate Buyers
C0446,Individual,Douglas,Thomas,1955-02-01,M,USA,Colorado,Home,2,No,Website,71,1024655.04,5,Corporate Buyers
C0447,Individual,Patricia,Johnson,1956-06-27,F,USA,New York,Home,2,No,Website,70,1543592.15,5,Corporate Buyers
C0448,Individual,Mark,White,1980-06-10,M,USA,Nevada,Investment,2,No,Agency,46,942066.48,0,Global Investors
C0449,Individual,Jordan,King,1972-06-24,M,USA,Oregon,Investment,2,No,Agency,54,1418922.44,5,Corporate Buyers
C0450,Individual,Matthew,Jackson,1992-02-19,M,Mexico,Nuevo Leon,Home,3,No,Website,34,1555297.3699999999,5,Corporate Buyers
C0451,Individual,Larry,Anderson,1985-09-20,M,Canada,Alberta,Investment,5,Yes,Client,41,1665967.4100000001,1,Residential Buyers
C0452,Individual,Brandon,Adams,1967-10-17,M,USA,Washington,Home,3,No,Website,59,1398358.69,2,First-Time Buyers
C0453,Individual,Carl,Wood,1993-04-16,M,UK,Scotland,Investment,1,No,Website,33,1321010.76,1,Residential Buyers
C0454,Company,Altira,Co,1961-04-01,F,USA,Nevada,Investment,4,No,Agency,65,980683.73,0,Global Investors
C0455,Individual,Karen,Williams,1963-02-01,F,USA,California,Home,1,No,Agency,63,1125726.62,5,Corporate Buyers
C0456,Individual,Virginia,Brooks,1995-11-18,F,USA,Oregon,Home,3,Yes,Website,31,1349210.55,5,Corporate Buyers
C0457,Individual,Kenneth,Hansen,1980-07-19,M,UK,Wales,Investment,1,No,Agency,46,1399940.21,1,Residential Buyers
C0458,Individual,Thomas,Turner,1995-07-04,M,USA,Oregon,Investment,1,No,Agency,31,1382881.81,5,Corporate Buyers
C0459,Individual,Steven,Johnson,1955-03-23,M,USA,California,Home,3,No,Agency,71,821716.14,5,Corporate Buyers
C0460,Individual,Amanda,Cox,1992-12-25,F,USA,Virginia,Home,1,No,Website,34,1061349.03,5,Corporate Buyers
C0461,Individual,Jonathan,Peterson,1960-02-16,M,USA,Arizona,Home,1,No,Agency,66,986630.39,5,Corporate Buyers
C0462,Individual,Eric,White,1943-10-22,M,Australia,Victoria,Home,2,No,Agency,83,1606667.68,1,Residential Buyers
C0463,Individual,Nicholas,Garcia,1970-06-13,M,USA,California,Home,5,No,Client,56,1235094.73,5,Corporate Buyers
C0464,Individual,Gregory,Turner,1974-12-11,M,USA,Florida,Home,5,No,Website,52,1455550.0,5,Corporate Buyers
C0465,Individual,George,Carter,1949-09-02,M,USA,California,Home,3,No,Website,77,707799.9199999999,5,Corporate Buyers
C0466,Individual,Patricia,Cox,1988-05-19,F,USA,Virginia,Investment,2,No,Website,38,1228651.21,5,Corporate Buyers
C0467,Individual,Rebecca,Chavez,1952-04-05,F,USA,Ohio,Home,1,Yes,Agency,74,976066.93,5,Corporate Buyers
C0468,Individual,Raymond,Smith,1952-11-13,M,Mexico,Jalisco,Investment,3,Yes,Website,74,1267396.7999999998,5,Corporate Buyers
C0469,Individual,Adam,Foster,1997-03-23,M,USA,California,Home,2,No,Website,29,1518476.47,5,Corporate Buyers
C0470,Individual,Joan,Anderson,1963-02-17,F,USA,Oregon,Home,1,No,Agency,63,862552.54,5,Corporate Buyers
C0471,Individual,Gary,Collins,1984-06-26,M,USA,Utah,Investment,3,No,Agency,42,1084997.39,5,Corporate Buyers
C0472,Individual,Edward,Moore,1951-10-04,M,USA,California,Home,4,No,Website,75,1277486.3699999999,5,Corporate Buyers
C0473,Individual,Sharon,Price,1981-08-09,F,USA,California,Home,3,No,Agency,45,1304527.6600000001,5,Corporate Buyers
C0474,Individual,Gregory,Young,1995-12-08,M,USA,Nevada,Home,1,No,Website,31,962015.29,0,Global Investors
C0475,Individual,William,Brooks,1946-08-18,M,Belgium,Wallonia,Investment,2,Yes,Agency,80,1234470.16,1,Residential Buyers
C0476,Individual,Steven,Johnson,1997-04-05,M,USA,Florida,Home,3,No,Agency,29,1485303.01,5,Corporate Buyers
C0477,Individual,Jesse,Stone,1984-02-01,M,USA,California,Investment,4,Yes,Website,42,1535114.88,5,Corporate Buyers
C0478,Individual,Ashley,Garcia,1940-08-02,F,USA,Ohio,Investment,4,No,Website,86,774892.79,5,Corporate Buyers
C0479,Individual,Virginia,Wright,1978-04-06,F,USA,California,Home,2,Yes,Agency,48,1172782.93,5,Corporate Buyers
C0480,Individual,Scott,Bryant,1974-09-16,M,USA,California,Home,4,Yes,Website,52,1033261.03,5,Corporate Buyers
C0481,Individual,Sean,Williams,1976-12-12,M,USA,Arizona,Home,3,No,Agency,50,1365460.24,5,Corporate Buyers
C0482,Individual,Deborah,Brown,1980-10-08,F,USA,New York,Investment,3,Yes,Agency,46,1006132.77,5,Corporate Buyers
C0483,Individual,Kevin,Jackson,1985-11-08,M,USA,Arizona,Investment,1,No,Website,41,881113.79,5,Corporate Buyers
C0484,Individual,Janet,Wright,1989-04-19,F,USA,Texas,Investment,3,No,Website,37,1313240.67,5,Corporate Buyers
C0485,Individual,Julia,Morales,1991-10-07,F,USA,Arizona,Home,2,No,Website,35,1000841.1799999999,5,Corporate Buyers
C0486,Individual,Billy,Carter,1999-09-16,M,USA,California,Investment,2,Yes,Website,27,1090587.66,5,Corporate Buyers
C0487,Individual,Jessica,Williams,1991-10-23,F,USA,Washington,Home,5,No,Website,35,1576272.71,2,First-Time Buyers
C0488,Individual,Megan,Jackson,1979-05-11,F,USA,California,Investment,4,No,Agency,47,1218265.3599999999,5,Corporate Buyers
C0489,Individual,Austin,Jordan,1950-06-08,M,Germany,Berlin,Investment,2,No,Website,76,1025274.77,1,Residential Buyers
C0490,Individual,Emily,Wright,1954-01-23,F,USA,Nevada,Investment,5,Yes,Website,72,1292367.93,0,Global Investors
C0491,Individual,Noah,White,1941-08-05,M,USA,Washington,Home,2,No,Website,85,1106379.8,2,First-Time Buyers
C0492,Individual,Raymond,Price,2000-05-07,M,USA,Utah,Home,3,Yes,Website,26,1300917.1,5,Corporate Buyers
C0493,Individual,Tyler,Hughes,1954-07-06,M,USA,Colorado,Home,3,No,Website,72,1312198.98,5,Corporate Buyers
C0494,Individual,Grace,Carter,1990-08-03,F,USA,California,Home,3,Yes,Website,36,1052676.65,5,Corporate Buyers
C0495,Individual,Jerry,Hall,1954-02-18,M,USA,California,Investment,5,No,Client,72,1246742.44,5,Corporate Buyers
C0496,Individual,Billy,Reyes,1990-01-04,M,USA,California,Home,4,No,Agency,36,1120376.44,5,Corporate Buyers
C0497,Individual,Emma,Stewart,1985-02-02,F,USA,Arizona,Investment,4,Yes,Website,41,1330684.99,5,Corporate Buyers
C0498,Individual,Nancy,Collins,1948-11-21,F,Canada,Alberta,Home,2,Yes,Website,78,1007455.29,1,Residential Buyers
C0499,Individual,Lisa,Patterson,1946-02-10,F,USA,Colorado,Home,3,Yes,Agency,80,897769.81,5,Corporate Buyers
C0500,Individual,Dennis,Howard,1977-03-15,M,USA,California,Home,4,Yes,Website,49,1294944.52,5,Corporate Buyers
C0501,Individual,Kenneth,Jackson,1995-11-12,M,USA,Nevada,Investment,5,Yes,Agency,31,1741166.27,0,Global Investors
C0502,Individual,Madison,Gray,1966-11-28,F,USA,Arizona,Home,4,No,Website,60,1537989.75,5,Corporate Buyers
C0503,Individual,Keith,Peterson,1943-09-26,M,USA,Utah,Investment,2,Yes,Client,83,1432167.34,5,Corporate Buyers
C0504,Individual,Jeffrey,Green,1992-01-14,M,USA,Utah,Home,2,No,Website,34,1367188.58,5,Corporate Buyers
C0505,Individual,Katherine,Wilson,1995-07-18,F,USA,Arizona,Home,3,No,Agency,31,1043535.21,5,Corporate Buyers
C0506,Individual,Albert,Stone,1967-07-04,M,USA,California,Home,5,No,Agency,59,1122203.03,5,Corporate Buyers
C0507,Individual,Mark,Morales,1951-02-26,M,USA,New York,Home,3,No,Website,75,1062656.6099999999,5,Corporate Buyers
C0508,Individual,Grace,Weaver,1970-01-06,F,USA,Nevada,Home,5,No,Agency,56,833710.06,0,Global Investors
C0509,Individual,Aaron,Cook,1956-04-02,M,Belgium,Wallonia,Home,3,No,Website,70,1687930.25,1,Residential Buyers
C0510,Individual,Samantha,Evans,1947-08-28,F,France,Brittany,Investment,1,Yes,Website,79,1094232.67,1,Residential Buyers
C0511,Individual,Christine,Parker,1954-07-20,F,UK,England,Home,2,No,Website,72,1090537.6,1,Residential Buyers
C0512,Individual,Hannah,Flores,1945-06-27,F,USA,Arizona,Home,1,No,Client,81,1448158.1400000001,5,Corporate Buyers
C0513,Individual,Christian,Morales,1999-03-07,M,USA,Florida,Home,2,Yes,Agency,27,974596.63,5,Corporate Buyers
C0514,Individual,Rebecca,Evans,1977-08-17,F,USA,Oregon,Home,1,Yes,Website,49,1528027.54,5,Corporate Buyers
C0515,Individual,Melissa,Patterson,1963-09-12,F,USA,California,Home,1,Yes,Website,63,1561824.93,5,Corporate Buyers
C0516,Individual,Lawrence,Nelson,1946-04-21,M,USA,Utah,Home,3,No,Website,80,1437837.49,5,Corporate Buyers
C0517,Individual,Harold,Thompson,1959-03-20,M,USA,California,Home,5,No,Client,67,1115807.0,5,Corporate Buyers
C0518,Company,Lumina,Co,1962-05-22,F,USA,New York,Home,3,No,Website,64,1633111.65,5,Corporate Buyers
C0519,Individual,Madison,Freeman,1975-10-04,F,USA,Arizona,Investment,3,No,Agency,51,981719.26,5,Corporate Buyers
C0520,Individual,Helen,White,1970-02-11,F,USA,Oregon,Home,3,Yes,Agency,56,1033523.16,5,Corporate Buyers
C0521,Individual,Stephanie,Allen,1967-04-02,F,Canada,British Columbia,Home,3,No,Website,59,1074306.5,1,Residential Buyers
C0522,Individual,Nicole,Campbell,1942-07-13,F,USA,Virginia,Home,5,No,Agency,84,993023.13,5,Corporate Buyers
C0523,Individual,Cynthia,Hansen,1960-08-22,F,USA,Colorado,Home,2,No,Agency,66,928962.95,5,Corporate Buyers
C0524,Individual,Harold,Thompson,1953-05-24,M,USA,Washington,Home,3,No,Website,73,801104.6900000001,2,First-Time Buyers
C0525,Individual,Frank,Gray,1950-06-12,M,USA,Arizona,Home,4,Yes,Agency,76,1629457.52,5,Corporate Buyers
C0526,Individual,Harold,Green,1968-02-28,M,Germany,Bavaria,Home,5,No,Website,58,1301139.77,1,Residential Buyers
C0527,Individual,Andrew,Baker,1979-07-19,M,USA,California,Home,2,No,Website,47,1138099.7,5,Corporate Buyers
C0528,Individual,Benjamin,Davis,2000-08-09,M,USA,Washington,Investment,2,No,Client,26,1118472.87,2,First-Time Buyers
C0529,Individual,Paul,Jordan,1973-11-14,M,USA,Nevada,Home,4,Yes,Website,53,1268138.95,0,Global Investors
C0530,Individual,Patricia,Reed,1952-09-07,F,USA,Utah,Home,2,Yes,Agency,74,1559124.69,5,Corporate Buyers
C0531,Individual,Emily,White,1976-09-19,F,USA,California,Home,1,No,Website,50,1911300.7799999998,5,Corporate Buyers
C0532,Individual,Lauren,Moore,1979-08-12,F,Belgium,Flanders,Home,2,No,Website,47,1075202.77,1,Residential Buyers
C0533,Individual,Jeffrey,Williams,1963-09-06,M,USA,Nevada,Investment,1,No,Agency,63,990028.19,0,Global Investors
C0534,Individual,Bryan,Miller,1958-02-21,M,USA,California,Investment,1,No,Agency,68,1133195.2,5,Corporate Buyers
C0535,Individual,Judith,Allen,1987-12-22,F,UK,Wales,Home,3,No,Agency,39,1299053.94,1,Residential Buyers
C0536,Individual,Brittany,Weaver,1956-03-14,F,USA,Arizona,Investment,5,Yes,Website,70,983106.8400000001,5,Corporate Buyers
C0537,Individual,Carl,Baker,1962-04-25,M,USA,Florida,Home,2,No,Client,64,1490327.5,5,Corporate Buyers
C0538,Individual,Richard,Pierce,1969-04-23,M,USA,California,Home,1,Yes,Agency,57,1206897.7000000002,5,Corporate Buyers
C0539,Individual,Lawrence,Bryant,1991-02-25,M,USA,California,Investment,1,Yes,Agency,35,1645321.2,5,Corporate Buyers
C0540,Individual,Anna,Long,1997-02-27,F,USA,New York,Home,3,No,Agency,29,494173.31,5,Corporate Buyers
C0541,Individual,Anthony,Garcia,2000-03-22,M,UK,Northern Ireland,Home,3,No,Agency,26,1721673.54,1,Residential Buyers
C0542,Company,Lumina,Co,1985-09-26,M,Mexico,Mexico City,Home,3,No,Website,41,1195819.4,1,Residential Buyers
C0543,Individual,Joan,Parker,1947-07-23,F,USA,Texas,Home,2,Yes,Website,79,753145.67,5,Corporate Buyers
C0544,Individual,Kevin,White,1974-10-16,M,USA,Utah,Home,2,No,Website,52,1636756.28,5,Corporate Buyers
C0545,Individual,Paul,Griffin,1942-08-04,M,USA,Colorado,Home,1,Yes,Agency,84,1260126.39,5,Corporate Buyers
C0546,Individual,Samuel,Flores,1967-12-23,M,Canada,Manitoba,Home,4,No,Client,59,795528.06,1,Residential Buyers
C0547,Individual,Diane,Allen,1947-09-20,F,USA,California,Investment,2,No,Agency,79,1178457.95,5,Corporate Buyers
C0548,Individual,Christopher,Foster,1980-04-11,M,USA,California,Home,2,No,Agency,46,1047476.9299999999,5,Corporate Buyers
C0549,Individual,Daniel,Sanders,1972-10-15,M,USA,Florida,Home,4,No,Website,54,941219.76,5,Corporate Buyers
C0550,Company,Vertex,Co,1967-04-09,F,USA,Nevada,Home,1,No,Agency,59,1414568.09,0,Global Investors
C0551,Individual,Billy,Freeman,1960-05-17,M,USA,California,Investment,4,No,Website,66,1007397.56,5,Corporate Buyers
C0552,Individual,Kyle,Cook,1965-10-20,M,USA,Virginia,Investment,3,No,Agency,61,1141476.56,5,Corporate Buyers
C0553,Individual,James,Bell,1978-11-26,M,USA,Arizona,Home,3,No,Website,48,821534.9400000001,5,Corporate Buyers
C0554,Individual,Carl,Moore,1948-12-24,M,Australia,Victoria,Home,1,Yes,Agency,78,1643592.85,1,Residential Buyers
C0555,Individual,Aaron,Nelson,1971-04-23,M,USA,California,Investment,4,Yes,Agency,55,1064533.27,5,Corporate Buyers
C0556,Individual,Zachary,Sanders,1958-10-17,M,USA,Colorado,Home,5,No,Website,68,1335478.18,5,Corporate Buyers
C0557,Individual,Judy,Griffin,1941-09-25,F,USA,Utah,Investment,2,No,Website,85,733161.98,5,Corporate Buyers
C0558,Individual,Cheryl,Wood,1974-10-23,F,Denmark,North Denmark,Home,3,No,Website,52,1033995.96,1,Residential Buyers
C0559,Company,Corvus,Co,1969-08-18,M,USA,California,Home,5,No,Client,57,1004028.87,5,Corporate Buyers
C0560,Individual,Janice,Nelson,1988-04-20,F,Australia,South Australia,Home,3,No,Website,38,1433718.12,1,Residential Buyers
C0561,Company,Bravada,Co,1962-11-20,F,USA,Arizona,Investment,3,No,Website,64,1589252.43,5,Corporate Buyers
C0562,Individual,Judy,Peterson,1940-11-23,F,USA,Utah,Investment,5,Yes,Website,86,1423675.7200000002,5,Corporate Buyers
C0563,Individual,William,Howard,1991-01-22,M,USA,California,Home,2,Yes,Agency,35,1012807.9299999999,5,Corporate Buyers
C0564,Individual,Scott,Adams,1952-09-02,M,USA,Texas,Home,1,No,Agency,74,1135017.6,5,Corporate Buyers
C0565,Individual,Austin,Wood,1985-09-26,M,France,Brittany,Home,1,No,Website,41,1043494.3200000001,1,Residential Buyers
C0566,Individual,Janice,Miller,2000-12-09,F,USA,Oregon,Investment,4,Yes,Agency,26,1167701.9,5,Corporate Buyers
C0567,Individual,Megan,Chavez,1953-10-07,F,Russia,Saint Petersburg,Investment,2,Yes,Agency,73,1869286.1,1,Residential Buyers
C0568,Individual,Timothy,Wright,1953-09-04,M,USA,California,Home,3,No,Website,73,944335.88,5,Corporate Buyers
C0569,Individual,Mary,Cook,1971-12-05,F,USA,California,Home,5,Yes,Client,55,1384749.3,5,Corporate Buyers
C0570,Individual,Hannah,Peterson,1965-06-03,F,France,Occitanie,Home,5,Yes,Website,61,1527210.47,1,Residential Buyers
C0571,Individual,Adam,Chavez,1966-07-03,M,USA,California,Home,3,No,Website,60,1549969.49,5,Corporate Buyers
C0572,Individual,Ann,Johnson,1993-11-12,F,USA,California,Investment,5,No,Website,33,1519677.44,5,Corporate Buyers
C0573,Company,Altira,Co,1977-04-24,M,USA,Georgia,Home,4,Yes,Agency,49,785842.76,5,Corporate Buyers
C0574,Individual,Gerald,Cox,1968-09-15,M,USA,California,Home,2,No,Agency,58,1261906.32,5,Corporate Buyers
C0575,Individual,Brian,Hansen,1966-01-21,M,USA,California,Investment,2,No,Website,60,1018391.27,5,Corporate Buyers
C0576,Individual,Terry,Reyes,1959-02-24,M,Germany,Hamburg,Home,1,No,Client,67,1047406.79,1,Residential Buyers
C0577,Individual,Christopher,Miller,1989-05-18,M,USA,Arizona,Home,3,No,Website,37,693899.0099999999,5,Corporate Buyers
C0578,Individual,Lauren,Rogers,1999-07-22,F,USA,Arizona,Home,5,Yes,Client,27,707276.53,5,Corporate Buyers
C0579,Individual,Christopher,Ward,1941-09-04,M,USA,Texas,Investment,3,No,Website,85,1198428.6400000001,5,Corporate Buyers
C0580,Individual,Heather,Watson,1948-11-01,F,USA,California,Home,2,Yes,Client,78,2158954.7800000003,5,Corporate Buyers
C0581,Individual,Kimberly,Stewart,1957-12-21,F,USA,California,Investment,5,Yes,Website,69,1029755.56,5,Corporate Buyers
C0582,Individual,Teresa,Pierce,1940-02-10,F,USA,Washington,Investment,3,Yes,Website,86,708559.1499999999,2,First-Time Buyers
C0583,Individual,Kevin,Scott,1986-10-27,M,USA,California,Home,2,No,Agency,40,1237228.18,5,Corporate Buyers
C0584,Individual,Janice,Taylor,1982-11-03,F,USA,California,Home,5,No,Website,44,1135691.62,5,Corporate Buyers
C0585,Individual,Anthony,Edwards,1961-02-07,M,USA,Colorado,Home,3,No,Agency,65,1003690.1799999999,5,Corporate Buyers
C0586,Individual,Noah,Morales,1977-06-14,M,USA,California,Home,2,Yes,Client,49,1226524.31,5,Corporate Buyers
C0587,Individual,Pamela,Richardson,1992-11-24,F,USA,New York,Home,4,No,Website,34,1093439.8399999999,5,Corporate Buyers
C0588,Individual,Janice,White,1989-11-20,F,USA,Florida,Home,2,No,Website,37,1495976.1400000001,5,Corporate Buyers
C0589,Individual,Christopher,Williams,1946-09-21,M,USA,Texas,Investment,5,No,Client,80,1982246.22,5,Corporate Buyers
C0590,Individual,Arthur,Campbell,1966-09-16,M,UK,Scotland,Investment,2,No,Website,60,1105388.8900000001,1,Residential Buyers
C0591,Individual,Dorothy,Long,1968-09-03,F,USA,Nevada,Home,1,No,Website,58,1336217.65,0,Global Investors
C0592,Individual,Roger,Moore,1972-03-06,M,USA,Arizona,Investment,2,No,Client,54,787516.58,5,Corporate Buyers
C0593,Individual,Elizabeth,Carter,1952-08-08,F,USA,California,Home,2,Yes,Agency,74,2012063.38,5,Corporate Buyers
C0594,Individual,Diane,Patterson,1942-08-02,F,USA,Utah,Home,1,No,Agency,84,1137572.87,5,Corporate Buyers
C0595,Individual,Anna,Murray,1966-10-06,F,USA,Utah,Home,3,No,Agency,60,914304.97,5,Corporate Buyers
C0596,Individual,Gerald,Phillips,1976-04-17,M,USA,Nevada,Home,4,No,Agency,50,1094771.49,0,Global Investors
C0597,Individual,Peter,King,1986-02-17,M,UK,Northern Ireland,Home,2,Yes,Website,40,976844.1699999999,1,Residential Buyers
C0598,Individual,Jacob,Gray,1949-06-24,M,USA,Colorado,Investment,4,No,Website,77,1398930.7000000002,5,Corporate Buyers
C0599,Individual,Jennifer,Turner,1998-03-19,F,Canada,Alberta,Home,2,No,Agency,28,1162815.78,1,Residential Buyers
C0600,Individual,Thomas,King,1984-03-17,M,USA,Oregon,Investment,1,No,Client,42,917709.61,5,Corporate Buyers
C0601,Individual,Lisa,Nelson,1972-10-16,F,USA,California,Home,4,No,Website,54,1700411.72,5,Corporate Buyers
C0602,Individual,Albert,Hayes,1984-03-24,M,Germany,Bavaria,Home,4,No,Agency,42,905508.82,1,Residential Buyers
C0603,Individual,Diane,Thompson,1994-01-07,F,USA,New York,Home,4,Yes,Agency,32,1218095.3,5,Corporate Buyers
C0604,Individual,Danielle,Montgomery,1998-09-17,F,Belgium,Wallonia,Home,1,No,Agency,28,791133.03,1,Residential Buyers
C0605,Individual,Nathan,Flores,1974-06-28,M,USA,Utah,Home,4,Yes,Agency,52,1407314.33,5,Corporate Buyers
C0606,Individual,Carolyn,Stone,1949-12-25,F,France,Ile-de-France,Investment,1,No,Website,77,1070969.53,1,Residential Buyers
C0607,Individual,Daniel,Edwards,1962-09-14,M,USA,California,Home,1,No,Agency,64,1125230.1199999999,5,Corporate Buyers
C0608,Individual,Jerry,Adams,1956-06-14,M,USA,California,Home,4,No,Agency,70,1201411.56,5,Corporate Buyers
C0609,Individual,Julia,Richardson,1961-05-22,F,USA,Washington,Home,4,No,Agency,65,1307567.64,2,First-Time Buyers
C0610,Individual,Ann,Owens,1970-05-10,F,USA,California,Investment,4,No,Website,56,1178597.68,5,Corporate Buyers
C0611,Individual,Jacob,Price,1950-12-06,M,USA,California,Home,4,No,Agency,76,1142671.94,5,Corporate Buyers
C0612,Individual,Kevin,Wood,1960-01-26,M,USA,Florida,Home,4,No,Agency,66,1671846.3,5,Corporate Buyers
C0613,Individual,Cynthia,Cox,1995-10-02,F,Australia,Victoria,Home,4,No,Agency,31,1186019.52,1,Residential Buyers
C0614,Individual,George,Bryant,1972-01-07,M,UK,Wales,Home,3,Yes,Website,54,1025958.38,1,Residential Buyers
C0615,Individual,Jordan,King,1957-01-12,M,USA,Utah,Home,2,Yes,Website,69,919002.01,5,Corporate Buyers
C0616,Individual,Julie,Brooks,1963-04-17,F,USA,Virginia,Investment,1,Yes,Agency,63,1013364.3,5,Corporate Buyers
C0617,Individual,Carolyn,Evans,1986-10-07,F,USA,Ohio,Home,5,Yes,Website,40,766861.21,5,Corporate Buyers
C0618,Individual,Austin,Taylor,1968-05-11,M,USA,Texas,Home,3,No,Agency,58,982803.0,5,Corporate Buyers
C0619,Individual,Heather,Morales,1970-04-25,F,USA,Washington,Home,4,No,Website,56,1411977.41,2,First-Time Buyers
C0620,Individual,Sarah,Howard,1960-04-22,F,France,Brittany,Home,3,No,Website,66,1532429.29,1,Residential Buyers
C0621,Individual,Jonathan,Turner,1982-02-13,M,Germany,Bavaria,Investment,3,Yes,Agency,44,791609.11,1,Residential Buyers
C0622,Individual,Katherine,Ward,1987-10-09,F,USA,Washington,Investment,2,No,Client,39,869334.73,2,First-Time Buyers
C0623,Individual,Jonathan,Adams,1986-04-27,M,USA,Florida,Investment,3,Yes,Client,40,1410333.45,5,Corporate Buyers
C0624,Individual,Carl,Jordan,2000-09-02,M,USA,Nevada,Investment,3,No,Agency,26,1215611.54,0,Global Investors
C0625,Individual,Deborah,Hayes,1983-07-08,F,Belgium,Flanders,Investment,2,Yes,Agency,43,1000166.88,1,Residential Buyers
C0626,Individual,Sara,Jones,1968-06-13,F,Germany,Hamburg,Investment,2,No,Website,58,1061694.1300000001,1,Residential Buyers
C0627,Individual,Katherine,Johnson,2000-11-07,F,USA,Arizona,Home,3,No,Agency,26,1870806.42,5,Corporate Buyers
C0628,Individual,Arthur,Campbell,1985-05-16,M,Canada,British Columbia,Home,3,Yes,Agency,41,1623109.63,1,Residential Buyers
C0629,Individual,Maria,Richardson,1946-07-09,F,USA,California,Investment,2,No,Agency,80,961721.77,5,Corporate Buyers
C0630,Individual,Stephen,Roberts,1965-07-28,M,USA,California,Home,2,No,Website,61,1308077.6099999999,5,Corporate Buyers
C0631,Individual,Dorothy,Flores,1966-12-11,F,USA,California,Home,5,No,Website,60,1534891.22,5,Corporate Buyers
C0632,Individual,Thomas,Nelson,1948-05-16,M,UK,Northern Ireland,Home,4,No,Website,78,1146845.98,1,Residential Buyers
C0633,Individual,Ann,Owens,1941-05-12,F,USA,Nevada,Home,3,No,Agency,85,1207516.26,0,Global Investors
C0634,Individual,Justin,Ward,1980-11-17,M,USA,Washington,Investment,4,Yes,Website,46,1181693.63,2,First-Time Buyers
C0635,Individual,Kimberly,King,1960-06-14,F,UK,Scotland,Investment,5,No,Website,66,1375700.03,1,Residential Buyers
C0636,Individual,Kathleen,Rogers,1980-11-10,F,France,Brittany,Home,5,No,Website,46,981810.0800000001,1,Residential Buyers
C0637,Individual,Catherine,Stone,1967-08-14,F,USA,California,Home,2,No,Website,59,1602478.07,5,Corporate Buyers
C0638,Individual,Jason,King,1975-02-04,M,USA,Ohio,Home,5,Yes,Website,51,1347045.42,5,Corporate Buyers
C0639,Individual,Mark,Campbell,1961-03-03,M,UK,Scotland,Home,3,Yes,Website,65,861670.72,1,Residential Buyers
C0640,Individual,Emily,Thompson,1967-03-01,F,USA,Utah,Home,3,No,Agency,59,772950.1699999999,5,Corporate Buyers
C0641,Company,Zynex,Co,1994-02-26,M,USA,Arizona,Home,2,No,Agency,32,1217213.26,5,Corporate Buyers
C0642,Individual,Julia,Reyes,1967-11-21,F,USA,California,Home,4,No,Website,59,1027140.61,5,Corporate Buyers
C0643,Individual,Samantha,Richardson,1974-05-05,F,USA,California,Home,5,No,Website,52,928645.01,5,Corporate Buyers
C0644,Individual,Teresa,Johnson,1956-08-25,F,USA,California,Home,4,Yes,Agency,70,1549624.23,5,Corporate Buyers
C0645,Individual,Arthur,Cox,1988-07-18,M,USA,Nevada,Home,2,No,Client,38,731453.53,0,Global Investors
C0646,Individual,Cynthia,Campbell,1995-07-21,F,USA,Arizona,Investment,5,No,Agency,31,1325311.83,5,Corporate Buyers
C0647,Individual,Victoria,Green,1946-02-06,F,USA,California,Home,4,No,Agency,80,2115520.42,5,Corporate Buyers
C0648,Individual,Stephanie,Reed,1999-03-02,F,USA,California,Home,1,Yes,Website,27,1142985.38,5,Corporate Buyers
C0649,Individual,Patricia,Mitchell,1995-03-01,F,USA,California,Home,4,No,Agency,31,1401448.51,5,Corporate Buyers
C0650,Company,Polaris,Co,1976-02-19,M,France,Occitanie,Home,3,Yes,Client,50,799742.26,1,Residential Buyers
C0651,Company,Horizon,Co,1993-01-14,M,USA,Washington,Home,1,No,Agency,33,1077094.73,2,First-Time Buyers
C0652,Individual,Heather,Johnson,1993-12-08,F,USA,Washington,Home,2,No,Website,33,904157.22,2,First-Time Buyers
C0653,Individual,Gerald,Adams,1970-07-22,M,USA,Ohio,Home,2,No,Client,56,1215543.15,5,Corporate Buyers
C0654,Individual,Eric,Griffin,1960-05-07,M,USA,New York,Home,2,Yes,Website,66,865293.89,5,Corporate Buyers
C0655,Individual,Patricia,King,1950-05-19,F,USA,Nevada,Home,1,Yes,Agency,76,1071763.22,0,Global Investors
C0656,Individual,Amber,Allen,1977-02-08,F,USA,Colorado,Home,5,No,Client,49,1288383.38,5,Corporate Buyers
C0657,Individual,Alexander,Allen,1956-09-26,M,USA,California,Home,2,No,Agency,70,1258111.3199999998,5,Corporate Buyers
C0658,Individual,Kelly,Green,1999-12-13,F,USA,Virginia,Home,3,Yes,Agency,27,1122021.28,5,Corporate Buyers
C0659,Individual,Sara,Foster,1988-10-06,F,USA,California,Home,4,Yes,Agency,38,1000550.86,5,Corporate Buyers
C0660,Individual,Charles,Kim,1991-08-10,M,USA,Arizona,Home,4,Yes,Client,35,1148308.35,5,Corporate Buyers
C0661,Individual,Deborah,Williams,1961-06-25,F,Canada,Manitoba,Home,3,No,Website,65,1627713.0499999998,1,Residential Buyers
C0662,Individual,Stephanie,Kim,1957-08-25,F,USA,California,Investment,3,No,Website,69,1520239.97,5,Corporate Buyers
C0663,Individual,Anthony,Flores,1958-02-02,M,USA,California,Home,2,Yes,Agency,68,1544313.34,5,Corporate Buyers
C0664,Individual,Lawrence,Wood,1958-08-17,M,Canada,Alberta,Investment,5,Yes,Website,68,1063024.57,1,Residential Buyers
C0665,Individual,Robert,Adams,1959-08-27,M,USA,Colorado,Investment,1,No,Agency,67,704886.02,5,Corporate Buyers
C0666,Individual,Maria,Davis,1948-10-09,F,USA,California,Investment,1,No,Website,78,1532074.27,5,Corporate Buyers
C0667,Individual,Anthony,Mitchell,1966-07-07,M,USA,Arizona,Investment,2,No,Agency,60,1486560.06,5,Corporate Buyers
C0668,Individual,Margaret,Peterson,1978-11-15,F,France,Ile-de-France,Investment,4,Yes,Website,48,987175.01,1,Residential Buyers
C0669,Individual,Cheryl,Bell,1958-03-18,F,Canada,British Columbia,Home,3,No,Agency,68,1366533.49,1,Residential Buyers
C0670,Company,Altira,Co,1976-06-18,M,USA,Nevada,Investment,4,No,Website,50,1631973.5499999998,0,Global Investors
C0671,Individual,Jerry,Pierce,1941-12-09,M,USA,Colorado,Home,4,Yes,Client,85,759678.12,5,Corporate Buyers
C0672,Individual,Amber,Williams,1967-03-10,F,USA,California,Home,2,No,Website,59,1301968.05,5,Corporate Buyers
C0673,Individual,Janice,Hayes,1965-10-19,F,USA,California,Home,4,No,Website,61,870503.9000000001,5,Corporate Buyers
C0674,Individual,Judy,Turner,1986-05-26,F,USA,California,Investment,4,No,Website,40,1733438.52,5,Corporate Buyers
C0675,Individual,Andrea,Wright,1969-12-23,F,USA,Texas,Home,5,No,Website,57,1117159.17,5,Corporate Buyers
C0676,Individual,Lisa,Davis,1942-06-12,F,USA,Nevada,Home,2,No,Agency,84,1022396.03,0,Global Investors
C0677,Individual,Jerry,Miller,1981-09-02,M,USA,Arizona,Investment,2,No,Agency,45,1217015.1099999999,5,Corporate Buyers
C0678,Individual,Joseph,Watson,1972-10-19,M,USA,California,Home,4,Yes,Website,54,904050.87,5,Corporate Buyers
C0679,Individual,Lisa,Patterson,1964-12-02,F,USA,Nevada,Home,1,No,Agency,62,1945371.6800000002,0,Global Investors
C0680,Individual,Andrew,Griffin,1965-04-16,M,USA,Utah,Investment,2,No,Agency,61,1533727.71,5,Corporate Buyers
C0681,Company,Helios,Co,1977-04-25,F,USA,California,Home,3,No,Agency,49,736696.97,5,Corporate Buyers
C0682,Individual,Donald,Bennett,1973-06-12,M,USA,California,Home,5,No,Website,53,1436006.22,5,Corporate Buyers
C0683,Individual,Patrick,Jordan,1948-08-20,M,USA,Colorado,Home,2,Yes,Agency,78,1216565.53,5,Corporate Buyers
C0684,Individual,Donald,Miller,1985-10-05,M,USA,California,Home,1,No,Agency,41,1402625.45,5,Corporate Buyers
C0685,Individual,Sharon,Hansen,1987-04-18,F,USA,Washington,Home,5,No,Agency,39,1129835.06,2,First-Time Buyers
C0686,Individual,Michael,Howard,1963-11-17,M,USA,California,Home,1,Yes,Website,63,1250166.33,5,Corporate Buyers
C0687,Individual,Susan,Long,1959-01-03,F,USA,Utah,Home,3,Yes,Website,67,1532604.0,5,Corporate Buyers
C0688,Individual,Kathleen,Howard,1968-12-04,F,USA,Colorado,Investment,5,Yes,Website,58,1093762.42,5,Corporate Buyers
C0689,Individual,Ann,Williams,1998-04-17,F,USA,California,Home,4,No,Website,28,1051259.37,5,Corporate Buyers
C0690,Individual,Janet,Stewart,1985-09-09,F,USA,Oregon,Home,4,Yes,Agency,41,1402023.24,5,Corporate Buyers
C0691,Individual,Kenneth,Bell,1943-07-22,M,USA,California,Investment,4,No,Agency,83,948552.89,5,Corporate Buyers
C0692,Individual,Adam,Roberts,1964-03-14,M,USA,Georgia,Investment,3,No,Agency,62,1206585.87,5,Corporate Buyers
C0693,Individual,Jesse,Chavez,1957-04-28,M,USA,California,Investment,5,Yes,Agency,69,1831502.92,5,Corporate Buyers
C0694,Company,Sterling,Co,1989-07-13,M,UK,Scotland,Investment,2,No,Website,37,1287767.07,1,Residential Buyers
C0695,Individual,Timothy,Rogers,1947-03-24,M,USA,Washington,Home,4,No,Website,79,870451.65,2,First-Time Buyers
C0696,Individual,Carol,Green,1994-03-06,F,USA,Washington,Investment,5,Yes,Agency,32,1417025.49,2,First-Time Buyers
C0697,Individual,Bryan,Mitchell,1986-11-01,M,USA,California,Investment,4,Yes,Agency,40,1203571.2,5,Corporate Buyers
C0698,Individual,Maria,Scott,1946-07-16,F,USA,California,Home,2,Yes,Website,80,1560635.51,5,Corporate Buyers
C0699,Individual,Stephen,Bennett,1986-12-22,M,USA,Washington,Home,1,Yes,Agency,40,1292445.15,2,First-Time Buyers
C0700,Individual,Christine,Sanders,1944-04-14,F,USA,Washington,Home,5,No,Website,82,724453.7,2,First-Time Buyers
C0701,Individual,Danielle,Peterson,1962-09-17,F,UK,England,Investment,1,No,Website,64,1318537.76,1,Residential Buyers
C0702,Individual,Nicholas,Flores,1966-07-24,M,USA,Arizona,Home,5,No,Agency,60,1215022.0,5,Corporate Buyers
C0703,Company,Elara,Co,1984-05-15,M,USA,Colorado,Home,3,No,Website,42,938073.5700000001,5,Corporate Buyers
C0704,Individual,Nicole,Jordan,1942-01-23,F,USA,Georgia,Home,4,No,Agency,84,1130778.86,5,Corporate Buyers
C0705,Individual,Timothy,Murray,1940-12-18,M,USA,Nevada,Home,3,No,Website,86,1643383.67,0,Global Investors
C0706,Individual,Kyle,Thomas,1984-06-23,M,UK,England,Investment,2,No,Client,42,1034954.84,1,Residential Buyers
C0707,Individual,Zachary,Richardson,1995-09-23,M,USA,Virginia,Home,5,Yes,Website,31,1171255.22,5,Corporate Buyers
C0708,Individual,Brian,Cook,1964-11-28,M,USA,California,Home,2,No,Client,62,1539340.8699999999,5,Corporate Buyers
C0709,Individual,Samantha,Price,1982-11-06,F,USA,Georgia,Home,2,Yes,Agency,44,1233960.52,5,Corporate Buyers
C0710,Individual,Kyle,Bryant,1946-08-18,M,USA,Oregon,Home,2,Yes,Agency,80,1158001.3599999999,5,Corporate Buyers
C0711,Individual,Victoria,Hughes,1995-10-20,F,USA,California,Investment,3,No,Agency,31,1045658.54,5,Corporate Buyers
C0712,Individual,Joseph,Scott,1991-01-21,M,USA,California,Home,1,No,Agency,35,701688.31,5,Corporate Buyers
C0713,Individual,Debra,Thomas,1997-02-14,F,USA,California,Investment,3,No,Agency,29,946537.74,5,Corporate Buyers
C0714,Individual,Kyle,Murray,1977-01-03,M,Russia,Saint Petersburg,Home,3,No,Website,49,1520218.18,1,Residential Buyers
C0715,Individual,Janice,Wilson,1982-08-05,F,USA,Utah,Home,3,No,Website,44,1151372.75,5,Corporate Buyers
C0716,Individual,Jordan,Davis,1994-10-24,M,UK,Northern Ireland,Home,1,No,Client,32,1173245.74,1,Residential Buyers
C0717,Individual,Virginia,Weaver,1946-06-09,F,USA,Arizona,Investment,3,Yes,Agency,80,1000529.6699999999,5,Corporate Buyers
C0718,Individual,Martha,Scott,1944-10-08,F,France,Ile-de-France,Home,2,Yes,Website,82,900157.9099999999,1,Residential Buyers
C0719,Individual,Jason,Jordan,1974-07-02,M,USA,California,Investment,2,Yes,Agency,52,912916.77,5,Corporate Buyers
C0720,Individual,Shirley,Wilson,1981-05-17,F,USA,California,Investment,1,Yes,Agency,45,844316.69,5,Corporate Buyers
C0721,Individual,Julia,Jordan,1999-03-07,F,USA,Florida,Home,4,No,Website,27,1167212.02,5,Corporate Buyers
C0722,Individual,Carol,Sanders,1943-09-11,F,USA,Texas,Home,1,No,Website,83,936104.05,5,Corporate Buyers
C0723,Individual,Ann,Hansen,1999-04-19,F,Germany,North Rhine-Westphalia,Home,3,Yes,Website,27,1554043.79,1,Residential Buyers
C0724,Individual,Samuel,Howard,1960-09-27,M,USA,Arizona,Investment,4,Yes,Agency,66,1564795.28,5,Corporate Buyers
C0725,Individual,Katherine,Jones,1983-07-03,F,USA,New York,Home,3,No,Website,43,1557779.53,5,Corporate Buyers
C0726,Individual,Melissa,Harris,1977-01-25,F,USA,Georgia,Home,4,No,Website,49,1055406.17,5,Corporate Buyers
C0727,Individual,Ronald,Bell,1941-08-24,M,USA,California,Investment,3,Yes,Client,85,1924218.25,5,Corporate Buyers
C0728,Individual,Jason,Jones,1971-07-23,M,USA,California,Home,3,Yes,Agency,55,896046.43,5,Corporate Buyers
C0729,Individual,Raymond,Long,1944-01-04,M,USA,Washington,Investment,3,Yes,Agency,82,1100578.42,2,First-Time Buyers
C0730,Individual,Gregory,Baker,1988-05-09,M,USA,California,Investment,4,No,Website,38,1395460.54,5,Corporate Buyers
C0731,Individual,Larry,Harris,2000-10-18,M,USA,California,Home,5,No,Agency,26,2163873.35,5,Corporate Buyers
C0732,Individual,Justin,Peterson,1985-03-03,M,USA,Oregon,Home,5,No,Website,41,1763602.47,5,Corporate Buyers
C0733,Individual,Susan,White,1976-01-03,F,USA,Nevada,Home,5,No,Agency,50,1610480.1,0,Global Investors
C0734,Individual,Danielle,Ward,1981-06-27,F,USA,Virginia,Investment,5,Yes,Client,45,894573.22,5,Corporate Buyers
C0735,Individual,Matthew,Long,1994-08-10,M,Germany,Hesse,Investment,4,No,Website,32,1082670.51,1,Residential Buyers
C0736,Individual,Jordan,Campbell,1942-06-13,M,USA,Utah,Investment,3,No,Agency,84,961660.45,5,Corporate Buyers
C0737,Individual,Harold,Harris,1978-08-15,M,USA,California,Investment,3,No,Agency,48,1271295.42,5,Corporate Buyers
C0738,Individual,Jose,White,1980-09-21,M,USA,Texas,Home,5,No,Website,46,1217179.49,5,Corporate Buyers
C0739,Individual,Albert,Turner,1965-03-16,M,USA,California,Home,2,No,Agency,61,1239915.48,5,Corporate Buyers
C0740,Individual,Julia,Bell,1966-12-08,F,USA,Utah,Investment,1,No,Client,60,1150084.72,5,Corporate Buyers
C0741,Individual,Sandra,Stone,1962-08-11,F,USA,California,Home,2,No,Website,64,808100.3,5,Corporate Buyers
C0742,Individual,Bryan,Howard,1980-08-21,M,UK,Wales,Home,1,Yes,Website,46,943082.4199999999,1,Residential Buyers
C0743,Individual,Joshua,Allen,1972-09-10,M,USA,Oregon,Investment,4,Yes,Website,54,973707.31,5,Corporate Buyers
C0744,Individual,Helen,Morales,1950-11-10,F,USA,Virginia,Home,1,No,Website,76,947393.7,5,Corporate Buyers
C0745,Individual,Emily,Collins,1997-06-18,F,USA,California,Investment,5,No,Website,29,1137226.12,5,Corporate Buyers
C0746,Individual,Gary,Reyes,1956-10-13,M,UK,Scotland,Home,4,No,Website,70,1485041.45,1,Residential Buyers
C0747,Individual,George,Patterson,1992-04-18,M,USA,Florida,Home,4,Yes,Website,34,1321142.35,5,Corporate Buyers
C0748,Company,Vantage,Co,1974-03-05,F,USA,California,Home,1,Yes,Client,52,1188736.23,5,Corporate Buyers
C0749,Individual,Dorothy,Anderson,1992-11-26,F,USA,New York,Home,5,No,Agency,34,1170883.93,5,Corporate Buyers
C0750,Individual,Janice,Price,1976-06-08,F,USA,Nevada,Investment,1,No,Agency,50,887696.78,0,Global Investors
C0751,Individual,Keith,Parker,1974-09-19,M,USA,California,Home,5,No,Client,52,1055948.97,5,Corporate Buyers
C0752,Individual,Lisa,Young,1954-12-17,F,Belgium,Brussels,Investment,3,No,Agency,72,836214.24,1,Residential Buyers
C0753,Individual,Nicholas,Patterson,1960-12-22,M,Germany,Hamburg,Home,5,No,Website,66,1053102.32,1,Residential Buyers
C0754,Individual,Teresa,Johnson,1970-08-17,F,USA,Arizona,Investment,3,No,Website,56,1300009.56,5,Corporate Buyers
C0755,Company,Celera,Co,1967-12-23,F,USA,California,Home,5,No,Website,59,1040997.25,5,Corporate Buyers
C0756,Individual,Jessica,Patterson,1963-03-19,F,USA,Utah,Home,5,Yes,Website,63,785768.09,5,Corporate Buyers
C0757,Individual,Keith,Taylor,1946-05-09,M,USA,Oregon,Home,3,Yes,Website,80,1392690.1199999999,5,Corporate Buyers
C0758,Individual,Joe,Allen,1958-08-12,M,USA,California,Investment,2,No,Website,68,1135189.16,5,Corporate Buyers
C0759,Individual,Samuel,Anderson,1991-10-27,M,USA,Florida,Home,4,No,Website,35,1327801.32,5,Corporate Buyers
C0760,Individual,Amanda,Adams,1964-12-27,F,USA,California,Investment,3,No,Website,62,1288008.21,5,Corporate Buyers
C0761,Individual,Joyce,Patterson,1981-08-24,F,Belgium,Flanders,Home,2,No,Agency,45,1387948.07,1,Residential Buyers
C0762,Individual,Anna,Young,1967-07-01,F,USA,Ohio,Home,4,No,Website,59,1456185.33,5,Corporate Buyers
C0763,Company,Summit,Co,1971-07-18,F,USA,Georgia,Home,3,No,Agency,55,1036781.97,5,Corporate Buyers
C0764,Individual,Debra,Parker,1983-02-09,F,UK,Northern Ireland,Investment,4,No,Client,43,1670624.74,1,Residential Buyers
C0765,Individual,Joe,Green,1967-06-22,M,France,Brittany,Home,3,No,Website,59,1516418.29,1,Residential Buyers
C0766,Individual,Robert,Bennett,1994-09-04,M,Germany,North Rhine-Westphalia,Home,3,Yes,Client,32,1601876.1400000001,1,Residential Buyers
C0767,Individual,David,Brown,1961-02-02,M,Canada,British Columbia,Investment,2,No,Agency,65,1403932.48,1,Residential Buyers
C0768,Individual,Matthew,Weaver,1992-07-22,M,Denmark,Southern Denmark,Investment,5,Yes,Website,34,1048127.47,1,Residential Buyers
C0769,Individual,Nicole,Long,1958-02-21,F,USA,Ohio,Home,4,No,Agency,68,675607.7899999999,5,Corporate Buyers
C0770,Individual,Shirley,Hall,1951-02-09,F,Russia,Krasnodar Krai,Home,4,No,Website,75,984598.73,3,Risk-Averse Investors
C0771,Company,Quasar,Co,1984-06-09,M,USA,California,Home,1,No,Website,42,1856997.08,5,Corporate Buyers
C0772,Individual,Ethan,White,1991-09-25,M,USA,California,Investment,1,No,Client,35,911164.52,5,Corporate Buyers
C0773,Individual,Christopher,Taylor,1964-12-09,M,Russia,Saint Petersburg,Home,1,No,Website,62,1451465.46,1,Residential Buyers
C0774,Individual,David,Wood,1983-03-23,M,USA,Georgia,Home,5,Yes,Agency,43,999792.6799999999,5,Corporate Buyers
C0775,Individual,Andrea,Reyes,1975-12-25,F,USA,Arizona,Home,1,No,Agency,51,1043608.37,5,Corporate Buyers
C0776,Individual,Ashley,Morales,1966-06-11,F,Germany,Bavaria,Home,4,Yes,Agency,60,914465.3300000001,1,Residential Buyers
C0777,Company,Meridian,Co,1982-05-15,M,USA,Arizona,Home,1,No,Client,44,1130759.4100000001,5,Corporate Buyers
C0778,Individual,George,Pierce,1998-07-22,M,USA,California,Investment,4,Yes,Agency,28,1646921.92,5,Corporate Buyers
C0779,Individual,Lisa,Hughes,1953-04-05,F,USA,California,Home,5,Yes,Agency,73,1221957.12,5,Corporate Buyers
C0780,Individual,Martha,Hansen,1947-08-01,F,USA,California,Home,3,No,Website,79,708761.6900000001,5,Corporate Buyers
C0781,Individual,Gerald,Sanders,1940-11-28,M,USA,California,Investment,5,Yes,Website,86,1181206.69,5,Corporate Buyers
C0782,Individual,Ethan,Williams,1970-10-02,M,USA,Utah,Investment,2,Yes,Website,56,1166638.1600000001,5,Corporate Buyers
C0783,Individual,Betty,Sanders,1961-03-27,F,Canada,Alberta,Home,1,Yes,Agency,65,1031472.36,1,Residential Buyers
C0784,Individual,Charles,Baker,1973-06-26,M,Mexico,Baja California,Investment,4,No,Website,53,1172514.65,5,Corporate Buyers
C0785,Company,Rexon,Co,1971-03-27,F,USA,California,Home,2,No,Website,55,1047112.48,5,Corporate Buyers
C0786,Individual,Sarah,Martin,1983-03-25,F,USA,California,Investment,3,No,Website,43,663797.37,5,Corporate Buyers
C0787,Individual,Andrew,Jackson,1950-11-20,M,USA,Washington,Home,1,No,Website,76,1405947.6600000001,2,First-Time Buyers
C0788,Individual,Matthew,Stone,1944-05-14,M,France,Brittany,Investment,4,No,Website,82,1799447.01,1,Residential Buyers
C0789,Individual,Madison,Price,1974-04-06,F,Canada,Ontario,Investment,1,No,Website,52,1125271.6,1,Residential Buyers
C0790,Individual,Brandon,Cooper,1974-01-18,M,USA,California,Home,5,Yes,Agency,52,1521440.8599999999,5,Corporate Buyers
C0791,Individual,Walter,Adams,1983-01-07,M,USA,Texas,Home,4,No,Website,43,1424465.81,5,Corporate Buyers
C0792,Individual,Joseph,Richardson,1982-04-14,M,USA,California,Investment,4,Yes,Website,44,1559979.82,5,Corporate Buyers
C0793,Individual,Kevin,Brown,1969-09-04,M,USA,New York,Home,4,No,Agency,57,1245234.35,5,Corporate Buyers
C0794,Individual,Gregory,Mitchell,1951-02-11,M,USA,California,Home,4,Yes,Website,75,1120488.77,5,Corporate Buyers
C0795,Individual,Harold,Murray,1969-01-14,M,USA,California,Investment,4,Yes,Website,57,1170869.0899999999,5,Corporate Buyers
C0796,Individual,Stephanie,Ward,1983-04-11,F,USA,California,Investment,5,Yes,Website,43,559596.54,5,Corporate Buyers
C0797,Individual,Joan,Gray,1990-06-08,F,USA,Oregon,Home,5,Yes,Agency,36,881179.3,5,Corporate Buyers
C0798,Company,Novex,Co,1965-10-21,M,USA,Nevada,Home,4,Yes,Agency,61,987267.48,0,Global Investors
C0799,Individual,Pamela,Johnson,1954-07-24,F,USA,California,Home,4,No,Website,72,1108935.8599999999,5,Corporate Buyers
C0800,Individual,Lawrence,Smith,1974-01-02,M,USA,Virginia,Investment,5,Yes,Website,52,983573.1799999999,5,Corporate Buyers
C0801,Individual,Betty,Price,1969-04-03,F,USA,Washington,Home,4,Yes,Website,57,1361712.2999999998,2,First-Time Buyers
C0802,Individual,Matthew,Williams,1970-11-10,M,USA,Virginia,Home,5,No,Agency,56,1074480.81,5,Corporate Buyers
C0803,Individual,Evelyn,Moore,1945-12-13,F,USA,Texas,Home,4,No,Agency,81,1542819.53,5,Corporate Buyers
C0804,Individual,Tyler,Cook,1967-01-10,M,USA,Washington,Home,5,No,Agency,59,1223755.92,2,First-Time Buyers
C0805,Individual,Albert,Cook,1953-01-17,M,Germany,Berlin,Home,1,Yes,Website,73,940964.73,1,Residential Buyers
C0806,Individual,Jack,Richardson,1989-11-18,M,France,Ile-de-France,Home,5,No,Client,37,1485168.27,1,Residential Buyers
C0807,Individual,Amy,Chavez,1993-11-16,F,Mexico,Mexico City,Investment,5,No,Website,33,1635419.92,1,Residential Buyers
C0808,Individual,Gregory,Ward,1943-05-17,M,Germany,Berlin,Home,3,Yes,Website,83,885158.15,1,Residential Buyers
C0809,Individual,Hannah,Alexander,1967-02-16,F,France,Occitanie,Home,5,Yes,Agency,59,1386118.19,1,Residential Buyers
C0810,Individual,Ronald,Sanders,1995-02-13,M,USA,California,Home,1,Yes,Website,31,922597.5800000001,5,Corporate Buyers
C0811,Individual,Carl,Allen,1945-04-17,M,UK,Wales,Home,3,No,Agency,81,1515201.05,1,Residential Buyers
C0812,Individual,Harold,Cooper,1974-08-24,M,UK,Northern Ireland,Home,3,Yes,Website,52,1443224.01,1,Residential Buyers
C0813,Individual,Gerald,Cook,1974-10-11,M,UK,Scotland,Investment,3,No,Agency,52,1314024.52,1,Residential Buyers
C0814,Individual,Joan,Stewart,1964-03-26,F,USA,California,Home,2,No,Website,62,674363.74,5,Corporate Buyers
C0815,Company,Horizon,Co,1965-11-06,F,USA,Nevada,Home,4,Yes,Agency,61,962374.6499999999,0,Global Investors
C0816,Individual,Deborah,Wright,1947-12-23,F,Germany,Hamburg,Home,2,Yes,Website,79,1003090.8500000001,1,Residential Buyers
C0817,Individual,Grace,Thompson,1972-05-12,F,USA,California,Investment,1,No,Website,54,1338281.0,5,Corporate Buyers
C0818,Company,Sterling,Co,1991-09-08,F,USA,Colorado,Home,2,No,Website,35,760443.3500000001,5,Corporate Buyers
C0819,Individual,Jose,Bryant,1951-03-15,M,USA,California,Home,5,No,Website,75,1239378.27,5,Corporate Buyers
C0820,Individual,Judith,Collins,1940-10-22,F,USA,Texas,Investment,4,No,Agency,86,920197.78,5,Corporate Buyers
C0821,Individual,Elizabeth,Moore,1957-09-04,F,USA,California,Home,5,Yes,Agency,69,1371213.26,5,Corporate Buyers
C0822,Individual,Jessica,Weaver,1959-04-19,F,USA,California,Investment,3,Yes,Website,67,1407630.29,5,Corporate Buyers
C0823,Individual,Nancy,Hayes,1975-04-16,F,USA,Oregon,Investment,5,Yes,Agency,51,1722388.8900000001,5,Corporate Buyers
C0824,Individual,Douglas,Cox,1976-06-01,M,USA,California,Home,3,No,Agency,50,1234378.85,5,Corporate Buyers
C0825,Individual,Ruth,Hughes,1982-03-26,F,Mexico,Nuevo Leon,Home,4,Yes,Agency,44,1246198.0,5,Corporate Buyers
C0826,Individual,Jason,Stewart,1970-09-11,M,USA,Ohio,Investment,4,Yes,Website,56,1255265.82,5,Corporate Buyers
C0827,Individual,Ruth,Wright,1965-08-23,F,USA,Washington,Home,2,Yes,Website,61,1176467.77,2,First-Time Buyers
C0828,Individual,Elizabeth,Stewart,1947-10-10,F,USA,Arizona,Investment,4,Yes,Website,79,1313574.2,5,Corporate Buyers
C0829,Individual,Jonathan,Stewart,1960-11-16,M,USA,Utah,Investment,3,No,Website,66,1296844.19,5,Corporate Buyers
C0830,Individual,William,Martin,1952-05-16,M,USA,Oregon,Investment,3,No,Agency,74,1518798.69,5,Corporate Buyers
C0831,Individual,Judith,Martin,1977-09-24,F,USA,California,Home,2,No,Website,49,909532.47,5,Corporate Buyers
C0832,Individual,Dorothy,Ward,1990-01-09,F,USA,Nevada,Investment,3,Yes,Website,36,1290741.99,0,Global Investors
C0833,Individual,Roger,Green,1951-11-06,M,Denmark,Southern Denmark,Home,5,No,Website,75,1422486.6099999999,1,Residential Buyers
C0834,Individual,Helen,Parker,1957-12-23,F,USA,California,Home,5,No,Website,69,1384660.54,5,Corporate Buyers
C0835,Individual,Maria,Foster,1974-06-06,F,USA,California,Home,5,Yes,Website,52,1159317.69,5,Corporate Buyers
C0836,Individual,Adam,Sanders,1942-02-04,M,USA,Ohio,Home,4,No,Website,84,1280715.29,5,Corporate Buyers
C0837,Individual,Peter,Montgomery,1967-06-06,M,France,Brittany,Home,1,No,Website,59,1415445.71,1,Residential Buyers
C0838,Individual,Jacob,Morris,1992-04-05,M,USA,Nevada,Investment,1,Yes,Website,34,837604.3,0,Global Investors
C0839,Individual,Elizabeth,Baker,1994-01-26,F,UK,England,Home,5,Yes,Agency,32,1123967.69,1,Residential Buyers
C0840,Individual,Elizabeth,Wilson,1981-11-01,F,Belgium,Brussels,Home,1,No,Website,45,1508352.25,1,Residential Buyers
C0841,Individual,Timothy,Cooper,1999-02-05,M,Belgium,Wallonia,Home,5,No,Website,27,1344816.1,1,Residential Buyers
C0842,Individual,Keith,Morales,1996-02-27,M,USA,Washington,Home,5,Yes,Client,30,1082477.8199999998,2,First-Time Buyers
C0843,Individual,Amanda,Hansen,2000-12-04,F,USA,Georgia,Home,4,No,Agency,26,1377127.37,5,Corporate Buyers
C0844,Individual,Margaret,Scott,1947-06-13,F,USA,California,Home,2,No,Website,79,1363201.96,5,Corporate Buyers
C0845,Individual,Ashley,Long,1993-09-05,F,USA,Washington,Home,3,No,Client,33,1355270.16,2,First-Time Buyers
C0846,Individual,Martha,Harris,1976-05-15,F,Canada,Quebec,Investment,3,No,Agency,50,1069033.77,1,Residential Buyers
C0847,Individual,Nicole,James,1988-02-27,F,USA,Utah,Home,2,Yes,Agency,38,1258765.46,5,Corporate Buyers
C0848,Individual,Aaron,Hughes,1967-11-22,M,USA,California,Home,4,No,Agency,59,1366788.33,5,Corporate Buyers
C0849,Individual,Brian,Wilson,1977-04-11,M,USA,Oregon,Home,1,Yes,Website,49,1262931.66,5,Corporate Buyers
C0850,Individual,Judy,Stone,1983-11-13,F,USA,Colorado,Investment,5,No,Agency,43,528432.48,5,Corporate Buyers
C0851,Individual,Kyle,White,1993-05-16,M,USA,California,Investment,2,Yes,Website,33,1482957.8800000001,5,Corporate Buyers
C0852,Individual,Carl,Brown,1989-07-20,M,Germany,North Rhine-Westphalia,Home,2,No,Agency,37,1368458.37,1,Residential Buyers
C0853,Individual,Gerald,Bryant,1950-08-07,M,USA,Utah,Home,4,No,Website,76,1293562.22,5,Corporate Buyers
C0854,Individual,David,Reyes,1944-02-13,M,USA,California,Home,4,No,Website,82,1419031.6099999999,5,Corporate Buyers
C0855,Individual,Amanda,Foster,1973-03-10,F,Australia,Queensland,Home,4,No,Website,53,1198702.15,5,Corporate Buyers
C0856,Individual,Janice,Chavez,1964-08-16,F,USA,Florida,Home,5,Yes,Website,62,1565508.99,5,Corporate Buyers
C0857,Individual,Danielle,Ward,1951-05-11,F,USA,California,Investment,1,Yes,Website,75,1431064.56,5,Corporate Buyers
C0858,Individual,Samuel,Howard,1994-07-12,M,USA,Nevada,Home,1,No,Website,32,972150.6,0,Global Investors
C0859,Individual,Megan,Anderson,1942-12-03,F,USA,California,Home,2,Yes,Agency,84,1440623.8900000001,5,Corporate Buyers
C0860,Individual,Virginia,Morales,1968-07-09,F,USA,Utah,Home,5,Yes,Website,58,1362579.84,5,Corporate Buyers
C0861,Individual,Christine,Peterson,1994-08-04,F,France,Brittany,Investment,2,No,Agency,32,1527460.57,1,Residential Buyers
C0862,Individual,Amanda,Jordan,1981-06-14,F,USA,Colorado,Investment,1,No,Website,45,1354421.9100000001,5,Corporate Buyers
C0863,Individual,Brandon,Peterson,1975-04-20,M,Belgium,Wallonia,Home,5,Yes,Agency,51,1107744.96,1,Residential Buyers
C0864,Individual,Noah,Kim,1970-07-07,M,USA,Texas,Home,3,No,Website,56,1085548.02,5,Corporate Buyers
C0865,Individual,Rebecca,Gray,1975-05-20,F,USA,Colorado,Investment,5,Yes,Website,51,1268059.13,5,Corporate Buyers
C0866,Individual,Lawrence,Bryant,1987-11-27,M,Belgium,Brussels,Home,3,No,Agency,39,1331713.08,1,Residential Buyers
C0867,Individual,Julia,Davis,1967-04-12,F,USA,California,Home,2,No,Agency,59,1028747.3,5,Corporate Buyers
C0868,Individual,Victoria,Rogers,1945-02-21,F,USA,Florida,Home,3,Yes,Agency,81,987211.1699999999,5,Corporate Buyers
C0869,Individual,Jose,Roberts,1993-03-07,M,USA,California,Home,4,No,Agency,33,858807.13,5,Corporate Buyers
C0870,Company,Harmon,Co,1966-09-01,F,UK,Northern Ireland,Home,2,Yes,Website,60,1097902.26,1,Residential Buyers
C0871,Individual,Pamela,Pierce,1989-11-28,F,USA,Virginia,Home,1,Yes,Website,37,1939848.53,5,Corporate Buyers
C0872,Individual,Sarah,Bennett,1943-06-22,F,UK,England,Home,4,No,Website,83,1462320.39,1,Residential Buyers
C0873,Individual,Gerald,Murray,1940-09-09,M,USA,New York,Home,2,No,Website,86,1325777.78,5,Corporate Buyers
C0874,Individual,Debra,Murray,1953-07-26,F,Belgium,Flanders,Investment,2,No,Website,73,1490289.1099999999,1,Residential Buyers
C0875,Individual,Jeffrey,Evans,1972-07-09,M,Canada,Manitoba,Home,4,No,Website,54,1308981.48,1,Residential Buyers
C0876,Individual,Benjamin,Chavez,1973-08-22,M,USA,California,Home,3,No,Client,53,873771.52,5,Corporate Buyers
C0877,Individual,Jennifer,Weaver,1998-12-22,F,USA,Utah,Investment,2,Yes,Agency,28,1407650.4,5,Corporate Buyers
C0878,Individual,Ashley,Hansen,1945-04-28,F,USA,Nevada,Home,4,Yes,Website,81,970670.1499999999,0,Global Investors
C0879,Individual,Brandon,Adams,1945-03-15,M,UK,Northern Ireland,Home,4,Yes,Website,81,1349121.32,1,Residential Buyers
C0880,Individual,Judith,Bennett,1941-06-23,F,USA,New York,Home,2,No,Website,85,1390002.6400000001,5,Corporate Buyers
C0881,Individual,Ruth,Weaver,1954-09-24,F,USA,Colorado,Investment,1,No,Website,72,1247321.2,5,Corporate Buyers
C0882,Individual,Peter,Moore,2000-07-07,M,UK,Wales,Home,3,No,Website,26,1142828.1400000001,1,Residential Buyers
C0883,Individual,Gerald,Thompson,1946-10-22,M,USA,Texas,Home,4,No,Client,80,1979258.27,5,Corporate Buyers
C0884,Individual,Joe,Reed,1949-05-07,M,USA,Nevada,Home,2,No,Website,77,1021697.5,0,Global Investors
C0885,Individual,Michael,Williams,1941-09-21,M,Canada,British Columbia,Investment,2,Yes,Agency,85,1540844.02,1,Residential Buyers
C0886,Individual,Joseph,Brooks,1961-07-20,M,USA,California,Home,3,Yes,Agency,65,807556.47,5,Corporate Buyers
C0887,Individual,Joan,Bryant,1993-04-23,F,USA,California,Home,3,No,Agency,33,1247287.09,5,Corporate Buyers
C0888,Individual,Sharon,Montgomery,1987-05-24,F,Germany,Berlin,Home,4,Yes,Website,39,1104713.19,1,Residential Buyers
C0889,Individual,Scott,Campbell,1985-10-15,M,USA,Nevada,Investment,4,Yes,Website,41,1339350.5899999999,0,Global Investors
C0890,Individual,Julie,Nelson,1955-07-23,F,USA,Virginia,Investment,3,Yes,Website,71,1138394.29,5,Corporate Buyers
C0891,Individual,Raymond,Roberts,1970-06-20,M,Germany,North Rhine-Westphalia,Investment,1,Yes,Website,56,1340373.08,1,Residential Buyers
C0892,Individual,Helen,Watson,1958-06-05,F,USA,California,Investment,2,Yes,Website,68,984121.3999999999,5,Corporate Buyers
C0893,Individual,Evelyn,Thompson,1995-06-23,F,USA,Colorado,Home,3,Yes,Website,31,1695839.47,5,Corporate Buyers
C0894,Individual,Carl,Evans,1953-06-14,M,USA,Georgia,Home,5,No,Website,73,882067.47,5,Corporate Buyers
C0895,Individual,Amanda,Rogers,1953-08-25,F,USA,Arizona,Investment,4,Yes,Website,73,1127680.6,5,Corporate Buyers
C0896,Individual,Timothy,Jones,1970-05-06,M,France,Brittany,Home,4,Yes,Agency,56,1157933.44,1,Residential Buyers
C0897,Individual,Ann,Foster,1971-08-04,F,Australia,Victoria,Home,1,No,Website,55,745691.65,1,Residential Buyers
C0898,Individual,Deborah,King,1953-09-27,F,USA,Arizona,Investment,5,Yes,Agency,73,836494.02,5,Corporate Buyers
C0899,Company,Apex,Co,1988-06-26,F,USA,Washington,Investment,2,No,Website,38,1050407.63,2,First-Time Buyers
C0900,Individual,Betty,Cook,1999-05-22,F,Germany,North Rhine-Westphalia,Home,4,No,Agency,27,606058.22,1,Residential Buyers
C0901,Individual,Gregory,Allen,1999-02-15,M,France,Brittany,Investment,4,No,Agency,27,909138.8400000001,1,Residential Buyers
C0902,Company,Peerex,Co,1964-02-11,F,UK,Northern Ireland,Home,3,Yes,Agency,62,1281064.76,1,Residential Buyers
C0903,Individual,Christine,Morales,1992-04-28,F,USA,Texas,Investment,3,No,Website,34,1108147.6099999999,5,Corporate Buyers
C0904,Individual,Nancy,Brooks,1984-03-08,F,Russia,Saint Petersburg,Home,1,Yes,Website,42,1050355.29,1,Residential Buyers
C0905,Individual,Emma,Allen,1993-05-16,F,USA,Virginia,Home,5,Yes,Website,33,877477.72,5,Corporate Buyers
C0906,Individual,Jacqueline,Baker,1969-08-13,F,USA,California,Investment,5,No,Website,57,1757967.56,5,Corporate Buyers
C0907,Individual,Danielle,Scott,1973-11-14,F,USA,California,Home,3,No,Agency,53,1375380.46,5,Corporate Buyers
C0908,Individual,Carl,Kim,1960-11-17,M,USA,California,Home,4,Yes,Agency,66,1129941.35,5,Corporate Buyers
C0909,Individual,Brandon,Turner,1967-07-10,M,USA,California,Investment,1,Yes,Agency,59,1529455.73,5,Corporate Buyers
C0910,Individual,Victoria,Jackson,1971-11-24,F,USA,Texas,Home,3,Yes,Agency,55,1293598.48,5,Corporate Buyers
C0911,Individual,Donald,Long,1989-03-27,M,USA,California,Home,4,No,Website,37,1310405.32,5,Corporate Buyers
C0912,Individual,Christina,Freeman,1949-05-11,F,USA,California,Home,1,No,Agency,77,1322130.05,5,Corporate Buyers
C0913,Individual,Nathan,Hansen,1999-01-13,M,USA,California,Home,4,No,Agency,27,1935637.92,5,Corporate Buyers
C0914,Individual,Helen,Freeman,1948-10-12,F,France,Provence,Investment,4,No,Website,78,1124290.78,1,Residential Buyers
C0915,Individual,Ronald,Harris,1948-01-23,M,USA,Florida,Home,2,No,Agency,78,1309768.71,5,Corporate Buyers
C0916,Individual,Nathan,Hansen,1988-02-10,M,Russia,Moscow Oblast,Home,2,No,Website,38,1377591.46,1,Residential Buyers
C0917,Individual,Kenneth,Hughes,1969-08-01,M,USA,Arizona,Home,2,Yes,Agency,57,756785.49,5,Corporate Buyers
C0918,Individual,Susan,Cook,2000-02-21,F,Australia,Western Australia,Home,4,No,Client,26,1461361.8699999999,1,Residential Buyers
C0919,Individual,Barbara,Foster,1975-08-17,F,Canada,Quebec,Investment,5,No,Agency,51,1059524.55,1,Residential Buyers
C0920,Individual,Christian,Williams,1973-10-11,M,USA,California,Home,4,No,Website,53,878368.79,5,Corporate Buyers
C0921,Individual,Christina,Reyes,1999-03-10,F,Australia,New South Wales,Home,4,No,Agency,27,802736.76,1,Residential Buyers
C0922,Individual,Joe,Bell,1942-10-28,M,Australia,Victoria,Investment,4,Yes,Website,84,1105753.98,1,Residential Buyers
C0923,Individual,Ruth,Richardson,1950-08-26,F,USA,Oregon,Home,3,No,Client,76,1183422.85,5,Corporate Buyers
C0924,Individual,Emily,Wright,1988-03-20,F,USA,California,Home,4,No,Website,38,1558670.83,5,Corporate Buyers
C0925,Individual,Michael,Ward,1944-05-12,M,Germany,Hamburg,Home,2,No,Website,82,1308035.02,1,Residential Buyers
C0926,Individual,Lauren,Harris,1961-04-04,F,USA,California,Home,3,No,Website,65,1078841.73,5,Corporate Buyers
C0927,Individual,Carol,Hayes,1962-11-04,F,France,Ile-de-France,Home,4,No,Client,64,933499.38,1,Residential Buyers
C0928,Individual,Jordan,Jordan,1950-02-27,M,USA,California,Home,1,Yes,Agency,76,758070.13,5,Corporate Buyers
C0929,Individual,Jack,Hall,1954-05-23,M,USA,Washington,Home,4,No,Website,72,1167841.72,2,First-Time Buyers
C0930,Individual,Debra,Moore,1993-04-15,F,USA,Washington,Investment,1,Yes,Agency,33,924305.53,2,First-Time Buyers
C0931,Individual,Daniel,Parker,1977-12-25,M,USA,Nevada,Investment,2,Yes,Client,49,997418.61,0,Global Investors
C0932,Individual,Kathleen,Moore,1949-07-14,F,USA,New York,Home,5,No,Website,77,1468310.6600000001,5,Corporate Buyers
C0933,Individual,Kimberly,Johnson,1955-09-03,F,USA,California,Home,4,No,Website,71,1077170.94,5,Corporate Buyers
C0934,Individual,Barbara,Allen,1943-10-02,F,UK,Northern Ireland,Investment,5,Yes,Website,83,912489.5900000001,1,Residential Buyers
C0935,Individual,Katherine,Cooper,2000-05-17,F,Canada,Manitoba,Home,4,No,Agency,26,1133032.49,1,Residential Buyers
C0936,Individual,Carolyn,Brooks,1951-04-10,F,USA,California,Home,3,No,Client,75,782945.97,5,Corporate Buyers
C0937,Individual,Gerald,Chavez,1982-04-03,M,USA,Arizona,Home,5,No,Client,44,1370340.9100000001,5,Corporate Buyers
C0938,Individual,William,Chavez,1963-05-08,M,Russia,Krasnodar Krai,Home,4,No,Website,63,854217.7,3,Risk-Averse Investors
C0939,Individual,Anna,Alexander,1978-02-02,F,Belgium,Brussels,Investment,1,No,Website,48,1190833.68,1,Residential Buyers
C0940,Individual,Kyle,Bell,1985-12-19,M,USA,Virginia,Investment,5,No,Website,41,1628937.85,5,Corporate Buyers
C0941,Individual,Grace,Moore,1955-07-17,F,Mexico,Jalisco,Home,1,No,Agency,71,1028314.09,5,Corporate Buyers
C0942,Individual,Joan,Jackson,1991-12-14,F,USA,California,Home,1,No,Website,35,1402631.76,5,Corporate Buyers
C0943,Individual,Karen,Cox,1957-09-13,F,Canada,Manitoba,Investment,5,No,Website,69,975048.28,1,Residential Buyers
C0944,Individual,Virginia,Hughes,1956-08-24,F,USA,Florida,Home,2,No,Website,70,1256722.03,5,Corporate Buyers
C0945,Individual,Emily,Hayes,1945-09-04,F,France,Provence,Home,4,No,Website,81,973406.55,1,Residential Buyers
C0946,Individual,Ashley,Weaver,1946-07-04,F,USA,Nevada,Investment,3,Yes,Agency,80,827605.63,0,Global Investors
C0947,Individual,Samantha,Cox,1981-05-16,F,USA,Texas,Home,2,No,Website,45,1096583.29,5,Corporate Buyers
C0948,Individual,Emma,Nelson,1989-12-16,F,USA,California,Investment,3,Yes,Website,37,1532000.51,5,Corporate Buyers
C0949,Individual,Julia,Price,1943-06-26,F,USA,Colorado,Investment,5,Yes,Client,83,1397057.95,5,Corporate Buyers
C0950,Individual,Christina,Price,1991-12-11,F,USA,Texas,Investment,5,No,Website,35,1418212.48,5,Corporate Buyers
C0951,Individual,Rachel,Chavez,1998-11-15,F,Mexico,Nuevo Leon,Home,1,Yes,Client,28,1658301.92,5,Corporate Buyers
C0952,Individual,Ann,Martin,1959-09-03,F,USA,Oregon,Home,5,No,Website,67,1886501.9300000002,5,Corporate Buyers
C0953,Company,Helios,Co,1995-10-22,M,USA,Washington,Home,5,Yes,Website,31,639815.0,2,First-Time Buyers
C0954,Individual,Michael,Evans,1950-04-08,M,France,Brittany,Investment,4,Yes,Agency,76,1493788.0,1,Residential Buyers
C0955,Individual,Megan,Garcia,1969-01-11,F,USA,California,Home,1,No,Website,57,1098111.78,5,Corporate Buyers
C0956,Individual,Donald,Jackson,1966-03-10,M,USA,California,Home,1,Yes,Website,60,1647197.45,5,Corporate Buyers
C0957,Company,Crestwood,Co,1961-05-21,M,USA,Oregon,Home,2,Yes,Client,65,1295242.02,5,Corporate Buyers
C0958,Individual,Betty,Rogers,1991-07-11,F,USA,Nevada,Home,1,Yes,Website,35,936091.4500000001,0,Global Investors
C0959,Individual,Carl,Hayes,1952-09-13,M,USA,California,Home,3,No,Agency,74,1840159.66,5,Corporate Buyers
C0960,Individual,Linda,Bennett,1960-04-01,F,USA,Arizona,Investment,1,Yes,Client,66,1380084.58,5,Corporate Buyers
C0961,Individual,Brandon,Morales,1974-08-03,M,UK,Wales,Home,2,Yes,Website,52,1681311.67,1,Residential Buyers
C0962,Individual,Nicholas,Hansen,1940-07-18,M,USA,California,Home,4,No,Website,86,1335726.82,5,Corporate Buyers
C0963,Individual,James,Davis,1941-08-09,M,Canada,Alberta,Home,4,No,Agency,85,598874.99,1,Residential Buyers
C0964,Individual,Elizabeth,Hall,1953-09-19,F,USA,California,Home,4,No,Website,73,1015121.6900000001,5,Corporate Buyers
C0965,Individual,Lauren,Adams,1961-09-26,F,USA,New York,Investment,3,No,Website,65,840199.6100000001,5,Corporate Buyers
C0966,Company,Corvus,Co,1995-10-11,M,USA,California,Investment,3,No,Website,31,1606785.0499999998,5,Corporate Buyers
C0967,Individual,Jennifer,Moore,1959-01-20,F,USA,California,Home,2,No,Agency,67,705599.66,5,Corporate Buyers
C0968,Individual,Julie,Hansen,1995-11-21,F,USA,Arizona,Home,4,No,Website,31,1089074.71,5,Corporate Buyers
C0969,Individual,Amber,Ward,1976-03-27,F,Russia,Tatarstan,Investment,1,Yes,Agency,50,1118760.19,1,Residential Buyers
C0970,Individual,Peter,Johnson,1986-12-01,M,Denmark,North Denmark,Home,3,Yes,Website,40,1596404.25,1,Residential Buyers
C0971,Individual,Cynthia,Mitchell,1969-06-02,F,USA,Colorado,Investment,5,Yes,Website,57,1278450.05,5,Corporate Buyers
C0972,Individual,Sandra,Evans,1964-09-16,F,USA,Arizona,Home,5,No,Agency,62,1298009.03,5,Corporate Buyers
C0973,Individual,Charles,Stone,1992-12-03,M,USA,California,Investment,2,No,Client,34,1595817.1600000001,5,Corporate Buyers
C0974,Individual,Michael,Hansen,1961-05-22,M,USA,New York,Home,1,No,Agency,65,1210990.11,5,Corporate Buyers
C0975,Individual,Gregory,Reyes,1946-07-09,M,USA,Utah,Home,4,No,Website,80,941310.61,5,Corporate Buyers
C0976,Individual,Ryan,Miller,1983-07-18,M,USA,California,Home,4,Yes,Website,43,1206149.98,5,Corporate Buyers
C0977,Individual,Ryan,James,1996-04-07,M,USA,California,Home,1,No,Agency,30,944672.95,5,Corporate Buyers
C0978,Individual,Lauren,Brown,1963-11-11,F,USA,California,Home,4,Yes,Website,63,1449360.9100000001,5,Corporate Buyers
C0979,Individual,Madison,Roberts,1940-02-25,F,Canada,Quebec,Investment,4,No,Website,86,864661.4500000001,1,Residential Buyers
C0980,Individual,Daniel,Davis,1942-01-13,M,USA,New York,Investment,1,Yes,Website,84,1156326.6400000001,5,Corporate Buyers
C0981,Individual,Jessica,Stewart,1961-11-14,F,USA,California,Investment,1,No,Website,65,2048324.19,5,Corporate Buyers
C0982,Individual,Joyce,Jackson,1961-07-08,F,Canada,Manitoba,Investment,5,Yes,Agency,65,1443503.73,1,Residential Buyers
C0983,Individual,Brittany,Freeman,1994-06-21,F,Germany,North Rhine-Westphalia,Home,4,No,Website,32,803219.7,1,Residential Buyers
C0984,Individual,Mark,Johnson,1962-12-03,M,Canada,British Columbia,Home,5,Yes,Agency,64,1206529.21,1,Residential Buyers
C0985,Individual,Ruth,Griffin,1954-10-15,F,USA,California,Home,1,Yes,Website,72,886990.72,5,Corporate Buyers
C0986,Individual,Jacqueline,Ward,1981-10-18,F,Russia,Saint Petersburg,Home,2,No,Website,45,1445226.07,1,Residential Buyers
C0987,Individual,Maria,Johnson,1967-10-22,F,Germany,North Rhine-Westphalia,Home,1,Yes,Agency,59,1086018.36,1,Residential Buyers
C0988,Individual,Douglas,Cooper,1988-04-21,M,USA,Texas,Home,3,Yes,Agency,38,695033.8,5,Corporate Buyers
C0989,Individual,Amber,Cook,1946-10-19,F,USA,Oregon,Home,4,No,Website,80,1129907.31,5,Corporate Buyers
C0990,Individual,Carl,Carter,1942-01-21,M,USA,Utah,Home,4,No,Website,84,1588383.3599999999,5,Corporate Buyers
C0991,Individual,Heather,Adams,1975-03-27,F,USA,Nevada,Home,1,No,Website,51,1223116.15,0,Global Investors
C0992,Individual,Scott,Hughes,1988-11-19,M,Denmark,Capital Region,Home,1,Yes,Website,38,1478482.61,4,Luxury Investors
C0993,Individual,Ryan,Campbell,1954-03-11,M,USA,California,Home,2,Yes,Website,72,530494.44,5,Corporate Buyers
C0994,Individual,Michael,Moore,1976-11-26,M,USA,California,Home,3,No,Website,50,1379902.8699999999,5,Corporate Buyers
C0995,Individual,Amanda,Kim,1949-10-14,F,Australia,New South Wales,Home,1,Yes,Website,77,1004120.77,1,Residential Buyers
C0996,Individual,Terry,Howard,1956-06-11,M,Canada,Manitoba,Home,2,Yes,Client,70,888968.0,1,Residential Buyers
C0997,Individual,Terry,Collins,1950-03-11,M,USA,California,Investment,3,Yes,Agency,76,1607877.07,5,Corporate Buyers
C0998,Company,Grandis,Co,1969-05-06,F,USA,Virginia,Home,4,No,Agency,57,1230552.15,5,Corporate Buyers
C0999,Individual,Jacqueline,Cox,1969-09-15,F,USA,California,Investment,3,No,Agency,57,661984.35,5,Corporate Buyers
C1000,Individual,Judith,Parker,1963-07-21,F,USA,Utah,Home,2,Yes,Website,63,1629372.23,5,Corporate Buyers
C1001,Individual,Aaron,Nelson,1981-07-13,M,USA,California,Home,3,No,Website,45,1650296.94,5,Corporate Buyers
C1002,Individual,Scott,Hughes,1967-06-08,M,USA,California,Home,5,No,Website,59,1064050.72,5,Corporate Buyers
C1003,Individual,Lauren,Bennett,1977-08-11,F,USA,Nevada,Home,2,No,Website,49,1164909.23,0,Global Investors
C1004,Individual,Alexander,Anderson,1982-09-17,M,USA,Oregon,Home,3,Yes,Website,44,1553467.6600000001,5,Corporate Buyers
C1005,Individual,Barbara,Chavez,1988-06-07,F,Germany,Hamburg,Home,3,No,Client,38,778101.6000000001,1,Residential Buyers
C1006,Individual,Stephanie,Weaver,1992-12-24,F,USA,Georgia,Home,1,No,Website,34,738938.8,5,Corporate Buyers
C1007,Individual,Joyce,Brooks,1948-10-25,F,UK,England,Home,4,No,Agency,78,813104.68,1,Residential Buyers
C1008,Company,Sterling,Co,1987-10-02,M,USA,California,Home,2,No,Website,39,1018262.69,5,Corporate Buyers
C1009,Individual,Evelyn,Bell,1950-02-11,F,USA,Nevada,Investment,4,Yes,Agency,76,741160.04,0,Global Investors
C1010,Individual,Dennis,Moore,1964-03-10,M,Mexico,Jalisco,Home,4,No,Website,62,1331479.73,5,Corporate Buyers
C1011,Individual,Virginia,Brooks,1952-12-18,F,USA,California,Investment,1,No,Website,74,1281389.3900000001,5,Corporate Buyers
C1012,Individual,Raymond,Morales,1960-10-20,M,USA,New York,Home,4,Yes,Website,66,1690270.5,5,Corporate Buyers
C1013,Individual,Stephanie,Patterson,1994-06-19,F,USA,Oregon,Home,1,Yes,Website,32,1627907.97,5,Corporate Buyers
C1014,Individual,David,Weaver,1969-01-06,M,USA,California,Home,3,Yes,Website,57,1278106.36,5,Corporate Buyers
C1015,Individual,Kyle,Davis,1977-09-01,M,USA,California,Home,4,Yes,Website,49,884426.51,5,Corporate Buyers
C1016,Individual,Andrea,Wilson,1976-04-05,F,USA,California,Home,4,Yes,Agency,50,1542774.6099999999,5,Corporate Buyers
C1017,Individual,Megan,Baker,1968-12-22,F,USA,California,Home,1,Yes,Agency,58,1116371.43,5,Corporate Buyers
C1018,Individual,Tiffany,Turner,1967-06-19,F,USA,Colorado,Home,5,Yes,Client,59,845680.5700000001,5,Corporate Buyers
C1019,Individual,Carolyn,Stewart,1975-10-27,F,USA,Nevada,Home,2,No,Client,51,1167255.18,0,Global Investors
C1020,Individual,Deborah,Morales,1994-07-23,F,USA,California,Home,3,No,Agency,32,1248826.8599999999,5,Corporate Buyers
C1021,Individual,Jeffrey,Bryant,1974-09-04,M,USA,California,Investment,1,No,Client,52,1554739.9,5,Corporate Buyers
C1022,Individual,Christina,King,1984-04-17,F,USA,Colorado,Home,1,No,Agency,42,1389709.13,5,Corporate Buyers
C1023,Individual,Heather,Bell,1953-07-28,F,USA,Nevada,Home,1,Yes,Website,73,1336237.87,0,Global Investors
C1024,Individual,Gregory,Long,1969-08-03,M,USA,Arizona,Investment,2,No,Agency,57,1351032.92,5,Corporate Buyers
C1025,Individual,Michelle,King,1947-01-20,F,USA,California,Home,1,No,Client,79,738424.1799999999,5,Corporate Buyers
C1026,Individual,Robert,Parker,1991-08-12,M,USA,California,Investment,1,No,Agency,35,1440775.1,5,Corporate Buyers
C1027,Individual,Gerald,White,1976-12-10,M,USA,California,Investment,1,Yes,Client,50,1554407.81,5,Corporate Buyers
C1028,Individual,Nicholas,Cox,1942-04-07,M,USA,California,Home,1,Yes,Website,84,1143826.71,5,Corporate Buyers
C1029,Individual,Ryan,Jackson,1949-11-06,M,Australia,Victoria,Home,1,No,Agency,77,946560.97,1,Residential Buyers
C1030,Individual,Christine,Owens,1960-04-20,F,USA,Ohio,Home,4,No,Website,66,1353543.06,5,Corporate Buyers
C1031,Individual,Alexander,Reed,1989-01-13,M,UK,England,Home,1,No,Website,37,1011333.2,1,Residential Buyers
C1032,Individual,Larry,Freeman,1977-01-03,M,USA,Nevada,Home,5,No,Website,49,1494289.73,0,Global Investors
C1033,Individual,Eric,Jackson,1962-06-21,M,France,Ile-de-France,Home,2,No,Website,64,1496120.51,1,Residential Buyers
C1034,Individual,Andrea,Wilson,1979-01-20,F,USA,Colorado,Home,5,No,Client,47,1200049.6,5,Corporate Buyers
C1035,Individual,Jacob,Williams,1961-02-10,M,USA,Virginia,Home,2,No,Website,65,1528550.1300000001,5,Corporate Buyers
C1036,Individual,Martha,Collins,1988-03-13,F,USA,Oregon,Home,2,No,Agency,38,1176436.08,5,Corporate Buyers
C1037,Company,Corvus,Co,1970-01-02,M,Mexico,Baja California,Home,2,Yes,Website,56,1115637.13,5,Corporate Buyers
C1038,Individual,Gerald,Gray,1959-05-25,M,USA,California,Investment,3,No,Website,67,907128.2000000001,5,Corporate Buyers
C1039,Individual,Nicholas,Carter,1962-07-17,M,USA,California,Home,1,Yes,Agency,64,1428452.94,5,Corporate Buyers
C1040,Individual,Joseph,Young,1940-04-05,M,USA,California,Investment,5,Yes,Website,86,901095.79,5,Corporate Buyers
C1041,Individual,Evelyn,Morris,1990-12-07,F,USA,Nevada,Home,5,Yes,Website,36,1150040.79,0,Global Investors
C1042,Individual,Rebecca,Parker,1945-08-03,F,USA,Nevada,Home,2,No,Agency,81,1325783.46,0,Global Investors
C1043,Individual,Carol,Griffin,1999-07-14,F,USA,Washington,Home,5,No,Website,27,1067911.8599999999,2,First-Time Buyers
C1044,Individual,Eric,Howard,1971-05-15,M,USA,Nevada,Investment,5,No,Website,55,1368036.3900000001,0,Global Investors
C1045,Individual,Rebecca,Allen,1942-04-01,F,USA,New York,Home,3,No,Website,84,974840.03,5,Corporate Buyers
C1046,Individual,Maria,Wood,1969-05-21,F,Canada,Quebec,Home,4,Yes,Website,57,1301128.39,1,Residential Buyers
C1047,Individual,Ronald,Reyes,1984-12-12,M,USA,Virginia,Home,3,No,Website,42,1333737.83,5,Corporate Buyers
C1048,Individual,Angela,Turner,1970-01-27,F,USA,Oregon,Investment,1,No,Agency,56,1349339.41,5,Corporate Buyers
C1049,Individual,Tiffany,Sanders,1940-11-05,F,USA,California,Investment,5,No,Website,86,1214294.1600000001,5,Corporate Buyers
C1050,Individual,Tyler,Watson,1955-10-03,M,USA,Georgia,Home,4,Yes,Website,71,1274655.09,5,Corporate Buyers
C1051,Individual,Cheryl,Hansen,1958-07-19,F,USA,Virginia,Home,1,Yes,Agency,68,894972.26,5,Corporate Buyers
C1052,Individual,Kimberly,Parker,1953-04-24,F,USA,Utah,Home,1,Yes,Agency,73,1008000.54,5,Corporate Buyers
C1053,Individual,Adam,Kim,1974-11-10,M,Mexico,Nuevo Leon,Home,2,Yes,Website,52,1280976.9,5,Corporate Buyers
C1054,Individual,Edward,Foster,1989-09-04,M,USA,Arizona,Home,2,Yes,Website,37,837920.5800000001,5,Corporate Buyers
C1055,Individual,Jonathan,Bennett,1972-11-20,M,USA,New York,Investment,2,Yes,Website,54,811498.78,5,Corporate Buyers
C1056,Individual,Larry,Wilson,1979-01-19,M,USA,Colorado,Home,1,Yes,Website,47,1436352.77,5,Corporate Buyers
C1057,Individual,Jesse,Garcia,1994-04-17,M,USA,Nevada,Investment,5,No,Website,32,1430593.53,0,Global Investors
C1058,Individual,Rachel,Weaver,1973-06-12,F,Germany,Bavaria,Home,3,Yes,Website,53,1526007.8199999998,1,Residential Buyers
C1059,Individual,Danielle,Davis,1978-06-26,F,USA,California,Home,4,No,Website,48,1266979.76,5,Corporate Buyers
C1060,Individual,Christian,Evans,1940-12-25,M,USA,Nevada,Home,5,No,Agency,86,1167625.18,0,Global Investors
C1061,Individual,Stephanie,Smith,1960-06-01,F,UK,Scotland,Home,1,No,Website,66,1689767.29,1,Residential Buyers
C1062,Individual,Billy,Foster,1975-12-20,M,USA,California,Home,4,No,Agency,51,1766882.53,5,Corporate Buyers
C1063,Individual,Nicole,Weaver,1988-12-05,F,USA,New York,Investment,5,Yes,Website,38,1315820.94,5,Corporate Buyers
C1064,Individual,Brandon,Pierce,1945-08-06,M,USA,California,Home,5,Yes,Website,81,695434.77,5,Corporate Buyers
C1065,Individual,Mark,Reyes,1955-01-06,M,USA,Georgia,Home,3,Yes,Client,71,1107631.34,5,Corporate Buyers
C1066,Individual,Ashley,Moore,1941-09-21,F,Australia,Victoria,Home,1,No,Website,85,1208868.77,1,Residential Buyers
C1067,Individual,Samuel,Howard,1942-12-24,M,Mexico,Jalisco,Investment,4,No,Agency,84,849001.36,5,Corporate Buyers
C1068,Individual,Kathleen,Carter,1984-02-10,F,USA,California,Home,3,No,Agency,42,1403831.31,5,Corporate Buyers
C1069,Individual,Lawrence,Cox,1992-06-13,M,USA,Virginia,Home,3,Yes,Agency,34,1323760.8399999999,5,Corporate Buyers
C1070,Individual,Virginia,Rogers,1951-06-26,F,Germany,Bavaria,Home,5,No,Agency,75,1286265.1400000001,1,Residential Buyers
C1071,Individual,Aaron,Johnson,1966-08-11,M,USA,Texas,Home,2,No,Agency,60,1047375.62,5,Corporate Buyers
C1072,Individual,Kimberly,Jones,1962-06-10,F,USA,Utah,Home,3,No,Agency,64,829884.93,5,Corporate Buyers
C1073,Individual,Carl,Collins,1955-07-02,M,USA,California,Investment,2,No,Website,71,1197808.83,5,Corporate Buyers
C1074,Individual,George,Foster,1954-07-10,M,UK,Northern Ireland,Home,1,No,Website,72,1004700.45,1,Residential Buyers
C1075,Individual,Carolyn,Watson,1975-02-17,F,Mexico,Baja California,Home,3,No,Website,51,1178400.08,5,Corporate Buyers
C1076,Individual,Betty,Thompson,1980-10-28,F,USA,Florida,Investment,3,No,Agency,46,884169.44,5,Corporate Buyers
C1077,Individual,Peter,Griffin,1982-03-07,M,USA,Texas,Investment,2,No,Agency,44,1467449.24,5,Corporate Buyers
C1078,Individual,Joshua,Howard,1940-07-22,M,USA,Ohio,Home,1,No,Agency,86,1247337.58,5,Corporate Buyers
C1079,Individual,Steven,Hayes,1959-06-19,M,USA,California,Investment,4,Yes,Website,67,1151228.31,5,Corporate Buyers
C1080,Individual,Hannah,Stewart,1956-10-06,F,UK,England,Investment,4,No,Agency,70,1594795.52,1,Residential Buyers
C1081,Company,Meridian,Co,1974-09-08,M,Russia,Novosibirsk,Home,4,Yes,Agency,52,1006584.7,1,Residential Buyers
C1082,Individual,Patricia,Martin,1993-02-04,F,USA,Oregon,Investment,5,Yes,Website,33,829499.85,5,Corporate Buyers
C1083,Individual,Pamela,Jackson,1950-10-06,F,USA,Colorado,Investment,4,No,Agency,76,1145122.1,5,Corporate Buyers
C1084,Individual,Sarah,Hansen,1989-07-27,F,France,Ile-de-France,Home,4,No,Agency,37,1357921.15,1,Residential Buyers
C1085,Individual,Sarah,Flores,1947-10-18,F,Australia,Queensland,Investment,1,No,Client,79,797675.03,5,Corporate Buyers
C1086,Individual,Timothy,Montgomery,1956-03-01,M,USA,Colorado,Home,1,Yes,Website,70,1339827.27,5,Corporate Buyers
C1087,Individual,Matthew,Owens,1984-01-03,M,USA,Colorado,Home,3,No,Website,42,1878433.21,5,Corporate Buyers
C1088,Individual,Nicholas,Stewart,1998-09-26,M,USA,Utah,Home,4,Yes,Agency,28,802271.19,5,Corporate Buyers
C1089,Individual,Madison,Ward,1962-09-17,F,USA,Utah,Home,1,Yes,Website,64,959344.08,5,Corporate Buyers
C1090,Individual,Laura,Moore,1962-09-07,F,Canada,Alberta,Home,3,Yes,Client,64,1217272.58,1,Residential Buyers
C1091,Individual,Arthur,Phillips,1984-07-21,M,USA,Nevada,Home,1,Yes,Agency,42,741797.49,0,Global Investors
C1092,Individual,Terry,Adams,1996-11-24,M,USA,Oregon,Investment,2,No,Website,30,1213248.05,5,Corporate Buyers
C1093,Individual,Adam,Allen,1980-07-13,M,USA,Oregon,Home,1,Yes,Website,46,805402.8300000001,5,Corporate Buyers
C1094,Individual,Sarah,Cook,1960-02-12,F,USA,Washington,Home,2,Yes,Website,66,1631407.56,2,First-Time Buyers
C1095,Individual,Cynthia,Howard,1940-02-26,F,USA,California,Home,3,No,Agency,86,1454366.24,5,Corporate Buyers
C1096,Individual,Grace,Edwards,1965-05-20,F,USA,New York,Home,2,No,Client,61,1756661.91,5,Corporate Buyers
C1097,Individual,Teresa,Pierce,1962-07-16,F,Canada,Alberta,Home,3,Yes,Agency,64,1064342.81,1,Residential Buyers
C1098,Individual,Paul,Young,1976-10-24,M,USA,California,Investment,3,No,Client,50,1187774.23,5,Corporate Buyers
C1099,Individual,Joan,Scott,1972-06-26,F,USA,Colorado,Home,3,No,Agency,54,1426501.12,5,Corporate Buyers
C1100,Individual,Frank,Thomas,1940-05-14,M,Russia,Novosibirsk,Home,1,No,Website,86,1314225.5899999999,1,Residential Buyers
C1101,Individual,Matthew,King,1964-01-03,M,Belgium,Flanders,Home,5,No,Website,62,1037914.4299999999,1,Residential Buyers
C1102,Company,Harmon,Co,1960-05-06,M,Germany,Berlin,Home,2,No,Agency,66,1248456.03,1,Residential Buyers
C1103,Individual,Jose,Johnson,1961-04-27,M,Belgium,Wallonia,Home,4,No,Agency,65,1206840.81,1,Residential Buyers
C1104,Individual,Christian,Weaver,1998-10-15,M,USA,Utah,Investment,5,Yes,Website,28,893996.19,5,Corporate Buyers
C1105,Individual,Roger,Ward,1940-01-14,M,USA,Nevada,Home,3,Yes,Website,86,1623510.31,0,Global Investors
C1106,Individual,Sean,Martin,1982-05-16,M,USA,California,Home,1,No,Agency,44,773499.85,5,Corporate Buyers
C1107,Individual,Frank,Hayes,1948-01-15,M,Canada,British Columbia,Home,1,No,Website,78,1156527.59,1,Residential Buyers
C1108,Individual,Helen,Ward,1994-01-12,F,Australia,South Australia,Home,4,No,Website,32,1069904.1,1,Residential Buyers
C1109,Individual,Rebecca,Anderson,1967-09-05,F,USA,California,Home,1,Yes,Client,59,1756965.37,5,Corporate Buyers
C1110,Individual,Harold,Watson,1977-05-12,M,USA,New York,Home,5,Yes,Website,49,1445458.33,5,Corporate Buyers
C1111,Company,Corvus,Co,1967-01-23,M,USA,California,Home,4,Yes,Website,59,885146.14,5,Corporate Buyers
C1112,Individual,Donald,Green,1982-01-05,M,USA,Nevada,Investment,3,Yes,Website,44,961599.4199999999,0,Global Investors
C1113,Individual,Brenda,Martin,1974-08-18,F,USA,Texas,Investment,2,No,Client,52,1162770.88,5,Corporate Buyers
C1114,Individual,Cheryl,Wood,1992-02-04,F,USA,California,Home,3,No,Website,34,872825.73,5,Corporate Buyers
C1115,Individual,Joseph,Bell,1973-10-24,M,USA,Colorado,Home,3,Yes,Agency,53,1054599.19,5,Corporate Buyers
C1116,Individual,Angela,Freeman,1991-12-17,F,USA,California,Home,1,Yes,Agency,35,766951.9500000001,5,Corporate Buyers
C1117,Individual,Rebecca,Patterson,1955-02-23,F,Mexico,Mexico City,Home,5,Yes,Website,71,1149629.49,1,Residential Buyers
C1118,Company,Caldera,Co,1969-04-26,M,UK,Scotland,Investment,2,Yes,Website,57,859368.99,1,Residential Buyers
C1119,Individual,Larry,Green,1941-03-14,M,USA,Oregon,Home,1,Yes,Website,85,938703.6599999999,5,Corporate Buyers
C1120,Individual,Kathleen,Carter,1979-07-16,F,USA,Arizona,Home,1,No,Website,47,1371211.29,5,Corporate Buyers
C1121,Individual,Carolyn,Gray,1985-06-02,F,USA,California,Home,1,No,Client,41,1014661.78,5,Corporate Buyers
C1122,Individual,Judith,Evans,1942-10-04,F,USA,California,Home,4,No,Website,84,1558949.2,5,Corporate Buyers
C1123,Individual,Robert,Pierce,1951-03-11,M,USA,Virginia,Home,5,No,Agency,75,1241771.44,5,Corporate Buyers
C1124,Individual,Sharon,Murray,1976-02-04,F,USA,Oregon,Investment,5,Yes,Website,50,1272190.01,5,Corporate Buyers
C1125,Individual,Ronald,Price,1941-02-03,M,USA,Oregon,Home,3,No,Agency,85,1186907.08,5,Corporate Buyers
C1126,Company,Elara,Co,1983-02-16,M,USA,Virginia,Home,1,Yes,Website,43,893488.2,5,Corporate Buyers
C1127,Individual,Ann,Cooper,1943-06-15,F,UK,England,Investment,1,No,Website,83,838728.4,1,Residential Buyers
C1128,Individual,Brian,Montgomery,1983-12-05,M,USA,California,Investment,1,No,Website,43,1186634.53,5,Corporate Buyers
C1129,Individual,Martha,Hansen,1945-09-03,F,USA,Colorado,Investment,5,No,Agency,81,1463125.26,5,Corporate Buyers
C1130,Individual,Tiffany,Parker,1987-03-01,F,USA,Arizona,Home,5,No,Website,39,1326217.01,5,Corporate Buyers
C1131,Individual,Cheryl,Kim,1984-05-28,F,USA,California,Investment,3,No,Website,42,1210500.79,5,Corporate Buyers
C1132,Individual,Terry,Roberts,1982-01-21,M,USA,New York,Home,2,Yes,Website,44,1383901.27,5,Corporate Buyers
C1133,Individual,Jason,Hansen,1993-01-21,M,USA,Oregon,Investment,3,No,Website,33,1427019.92,5,Corporate Buyers
C1134,Individual,Dorothy,Bennett,1943-10-10,F,USA,California,Investment,1,No,Website,83,1088583.78,5,Corporate Buyers
C1135,Individual,Melissa,Phillips,1999-09-22,F,Russia,Moscow Oblast,Investment,5,Yes,Client,27,1186082.75,1,Residential Buyers
C1136,Individual,Shirley,Weaver,1965-04-27,F,USA,California,Home,3,Yes,Agency,61,1016844.64,5,Corporate Buyers
C1137,Individual,Carol,Price,1986-12-24,F,USA,Nevada,Home,4,Yes,Agency,40,1114902.43,0,Global Investors
C1138,Individual,George,Green,1964-08-24,M,USA,Oregon,Home,1,No,Website,62,840602.9199999999,5,Corporate Buyers
C1139,Individual,Tiffany,Green,1996-03-03,F,USA,California,Home,4,Yes,Client,30,1297382.59,5,Corporate Buyers
C1140,Individual,Billy,Jackson,1976-07-01,M,USA,Florida,Home,1,Yes,Website,50,1275809.71,5,Corporate Buyers
C1141,Individual,Kimberly,Montgomery,2000-01-26,F,USA,Arizona,Investment,3,No,Website,26,990242.33,5,Corporate Buyers
C1142,Individual,Julia,Hughes,1948-03-10,F,USA,Colorado,Home,2,Yes,Agency,78,1492680.13,5,Corporate Buyers
C1143,Individual,Michael,Garcia,1994-09-10,M,USA,Arizona,Home,2,Yes,Website,32,1108329.67,5,Corporate Buyers
C1144,Individual,Diane,Young,1978-11-10,F,USA,Georgia,Investment,4,No,Client,48,1244666.12,5,Corporate Buyers
C1145,Individual,Ethan,King,1993-04-04,M,USA,Nevada,Home,5,No,Website,33,1118850.31,0,Global Investors
C1146,Individual,Richard,Weaver,1991-03-14,M,USA,California,Investment,2,No,Website,35,1037824.43,5,Corporate Buyers
C1147,Individual,Brittany,Edwards,1978-02-09,F,USA,Utah,Home,3,No,Website,48,905314.84,5,Corporate Buyers
C1148,Individual,Joshua,Rogers,1991-07-15,M,Australia,New South Wales,Home,1,Yes,Agency,35,1083677.57,1,Residential Buyers
C1149,Individual,Kimberly,Thomas,1980-03-06,F,Russia,Tatarstan,Home,3,No,Agency,46,1277449.99,1,Residential Buyers
C1150,Individual,Tiffany,Cook,1992-11-08,F,USA,Nevada,Investment,4,No,Agency,34,1476970.3,0,Global Investors
C1151,Individual,Tyler,Anderson,1963-12-14,M,USA,Arizona,Investment,2,No,Website,63,1760000.3399999999,5,Corporate Buyers
C1152,Individual,Jason,Williams,1977-09-16,M,USA,Georgia,Home,1,No,Website,49,1654928.32,5,Corporate Buyers
C1153,Individual,Scott,Sanders,1991-09-14,M,USA,California,Home,1,No,Website,35,1007630.0,5,Corporate Buyers
C1154,Individual,Jerry,Brown,1956-07-12,M,USA,Utah,Home,5,Yes,Agency,70,1373889.96,5,Corporate Buyers
C1155,Individual,William,Young,1977-03-03,M,USA,California,Home,5,No,Website,49,1577625.0,5,Corporate Buyers
C1156,Individual,Dorothy,Kim,1956-05-16,F,USA,Virginia,Home,4,No,Agency,70,859956.66,5,Corporate Buyers
C1157,Individual,Kenneth,Davis,1944-11-02,M,Canada,Alberta,Investment,2,No,Website,82,894080.38,1,Residential Buyers
C1158,Individual,Joan,Pierce,1955-05-19,F,USA,California,Investment,2,No,Website,71,941360.29,5,Corporate Buyers
C1159,Individual,Gerald,Howard,1940-03-24,M,USA,Nevada,Investment,1,Yes,Website,86,1170550.92,0,Global Investors
C1160,Individual,Walter,Griffin,1980-11-21,M,USA,Florida,Home,2,Yes,Website,46,1359425.8599999999,5,Corporate Buyers
C1161,Individual,Stephen,White,1994-02-12,M,Canada,Alberta,Investment,3,Yes,Website,32,2022416.31,1,Residential Buyers
C1162,Individual,Charles,Nelson,1962-01-25,M,USA,California,Investment,2,No,Website,64,1116223.63,5,Corporate Buyers
C1163,Individual,Noah,Morales,1998-10-26,M,USA,California,Home,3,Yes,Website,28,1202709.18,5,Corporate Buyers
C1164,Individual,Emma,Watson,1968-04-11,F,Belgium,Wallonia,Home,3,Yes,Agency,58,1315287.03,1,Residential Buyers
C1165,Individual,Victoria,Alexander,1994-09-26,F,Russia,Moscow Oblast,Home,1,No,Website,32,970705.3999999999,1,Residential Buyers
C1166,Individual,Scott,Hall,1991-11-15,M,USA,New York,Investment,1,No,Website,35,1163601.79,5,Corporate Buyers
C1167,Individual,Kevin,Alexander,1967-12-20,M,UK,Scotland,Home,3,No,Website,59,1163104.83,1,Residential Buyers
C1168,Individual,Brittany,Reyes,1998-12-25,F,Germany,Hamburg,Home,2,Yes,Agency,28,1081069.19,1,Residential Buyers
C1169,Individual,Noah,Bryant,1994-01-05,M,Russia,Saint Petersburg,Home,5,Yes,Agency,32,900300.22,1,Residential Buyers
C1170,Individual,Amanda,Collins,1990-02-09,F,USA,Nevada,Home,1,Yes,Website,36,1165955.62,0,Global Investors
C1171,Individual,Anna,Patterson,1984-08-21,F,USA,California,Investment,4,Yes,Website,42,1561809.25,5,Corporate Buyers
C1172,Individual,Victoria,Freeman,1942-11-05,F,USA,Nevada,Home,5,No,Website,84,1240274.79,0,Global Investors
C1173,Individual,Cheryl,Price,1984-11-02,F,Canada,Manitoba,Investment,1,No,Website,42,1261072.17,1,Residential Buyers
C1174,Individual,Kenneth,White,1982-07-06,M,USA,Nevada,Home,2,No,Agency,44,1414798.99,0,Global Investors
C1175,Individual,Evelyn,Long,1959-09-27,F,USA,California,Home,2,No,Website,67,1766232.62,5,Corporate Buyers
C1176,Individual,Lauren,Baker,1975-06-03,F,USA,California,Investment,4,Yes,Agency,51,1003328.89,5,Corporate Buyers
C1177,Individual,Larry,Sanders,1998-09-05,M,USA,California,Investment,2,No,Agency,28,1047224.2699999999,5,Corporate Buyers
C1178,Individual,Jessica,Richardson,1950-07-16,F,USA,California,Home,1,No,Agency,76,744651.07,5,Corporate Buyers
C1179,Individual,Melissa,Anderson,1991-02-09,F,USA,California,Home,4,No,Agency,35,848152.02,5,Corporate Buyers
C1180,Individual,Deborah,Miller,1995-07-11,F,Belgium,Brussels,Home,2,Yes,Website,31,1111089.24,1,Residential Buyers
C1181,Individual,Judith,Hansen,1956-03-23,F,USA,Nevada,Investment,5,No,Website,70,743723.3099999999,0,Global Investors
C1182,Individual,Christopher,Murray,1961-03-11,M,Germany,Bavaria,Investment,3,Yes,Website,65,1522183.38,1,Residential Buyers
C1183,Individual,Carl,Rogers,1993-11-14,M,USA,Arizona,Investment,1,No,Website,33,1364593.88,5,Corporate Buyers
C1184,Individual,David,Nelson,1953-04-14,M,France,Ile-de-France,Home,2,No,Website,73,500255.63,1,Residential Buyers
C1185,Individual,Ronald,Peterson,2000-06-27,M,USA,California,Home,3,No,Website,26,1218570.99,5,Corporate Buyers
C1186,Individual,Victoria,Bennett,1978-06-27,F,USA,Nevada,Home,3,Yes,Website,48,1141153.96,0,Global Investors
C1187,Individual,Melissa,Pierce,1962-03-18,F,USA,Nevada,Home,4,No,Website,64,1097539.23,0,Global Investors
C1188,Individual,Matthew,White,1995-11-01,M,Canada,Alberta,Home,1,No,Client,31,1437535.25,1,Residential Buyers
C1189,Individual,Peter,Alexander,1963-01-22,M,USA,Florida,Home,2,Yes,Client,63,1180295.09,5,Corporate Buyers
C1190,Individual,Sandra,Baker,1946-08-04,F,USA,Texas,Home,4,No,Client,80,1358669.02,5,Corporate Buyers
C1191,Individual,Mary,Cox,1950-04-17,F,USA,California,Investment,3,No,Website,76,1095538.81,5,Corporate Buyers
C1192,Individual,Adam,Jones,2000-01-05,M,USA,Florida,Home,5,No,Website,26,1111237.94,5,Corporate Buyers
C1193,Individual,Amy,Owens,1975-04-20,F,UK,England,Home,1,No,Website,51,946796.24,1,Residential Buyers
C1194,Individual,Melissa,Brooks,1943-06-17,F,USA,Colorado,Home,1,No,Website,83,1084957.53,5,Corporate Buyers
C1195,Individual,Anna,Pierce,1990-06-07,F,USA,California,Home,4,Yes,Agency,36,1118238.91,5,Corporate Buyers
C1196,Individual,William,Freeman,1955-09-03,M,USA,Nevada,Home,2,No,Agency,71,1731153.76,0,Global Investors
C1197,Individual,Deborah,Roberts,1959-04-10,F,USA,Arizona,Home,4,No,Website,67,1439595.57,5,Corporate Buyers
C1198,Individual,Lisa,Young,1960-01-21,F,USA,New York,Home,1,No,Agency,66,1415391.5899999999,5,Corporate Buyers
C1199,Individual,Justin,Campbell,1943-03-03,M,USA,Colorado,Home,2,No,Website,83,1013002.89,5,Corporate Buyers
C1200,Individual,Henry,Taylor,1969-11-03,M,USA,Utah,Home,4,No,Agency,57,1789601.3299999998,5,Corporate Buyers
C1201,Individual,Timothy,Stewart,2000-03-22,M,USA,Oregon,Investment,1,Yes,Website,26,1063833.91,5,Corporate Buyers
C1202,Company,Telnox,Co,1985-05-09,M,Canada,Quebec,Investment,5,Yes,Website,41,1527115.1600000001,1,Residential Buyers
C1203,Individual,Ashley,Green,1962-01-18,F,USA,Arizona,Home,2,Yes,Website,64,1083378.55,5,Corporate Buyers
C1204,Individual,William,Reed,1992-04-03,M,Mexico,Puebla,Investment,2,Yes,Website,34,1231356.24,1,Residential Buyers
C1205,Individual,Patrick,Pierce,1959-05-15,M,Belgium,Flanders,Home,4,No,Website,67,968123.38,1,Residential Buyers
C1206,Individual,Melissa,Baker,1957-12-09,F,USA,California,Investment,5,No,Website,69,941726.19,5,Corporate Buyers
C1207,Individual,Lauren,Price,1973-10-24,F,USA,Texas,Home,5,Yes,Agency,53,1084392.98,5,Corporate Buyers
C1208,Individual,Noah,Ward,1977-11-27,M,USA,Colorado,Home,1,No,Website,49,1277019.82,5,Corporate Buyers
C1209,Individual,Tiffany,Kim,1978-07-01,F,USA,California,Home,4,Yes,Website,48,1201633.01,5,Corporate Buyers
C1210,Individual,Dennis,Cox,1991-06-04,M,USA,California,Investment,1,No,Website,35,1146800.83,5,Corporate Buyers
C1211,Individual,Kathleen,Owens,1996-07-10,F,Canada,British Columbia,Home,5,Yes,Website,30,1447927.02,1,Residential Buyers
C1212,Individual,Lawrence,Gray,1957-07-11,M,USA,California,Home,1,No,Agency,69,1052290.76,5,Corporate Buyers
C1213,Individual,Ruth,Martin,1993-08-06,F,Canada,Manitoba,Home,5,No,Website,33,829461.56,1,Residential Buyers
C1214,Individual,Jennifer,Peterson,2000-08-10,F,USA,Florida,Home,1,No,Agency,26,1725018.4100000001,5,Corporate Buyers
C1215,Individual,Charles,Patterson,1994-07-24,M,USA,California,Home,3,No,Website,32,1140423.3800000001,5,Corporate Buyers
C1216,Individual,Martha,Jordan,1997-07-10,F,France,Normandy,Home,4,No,Website,29,1191384.37,1,Residential Buyers
C1217,Individual,William,Carter,1997-01-05,M,USA,California,Investment,4,Yes,Website,29,1007204.78,5,Corporate Buyers
C1218,Individual,Teresa,Smith,1941-12-28,F,USA,California,Home,1,Yes,Website,85,1308613.5699999998,5,Corporate Buyers
C1219,Individual,Danielle,Howard,1983-12-06,F,USA,Arizona,Home,1,Yes,Website,43,867409.27,5,Corporate Buyers
C1220,Individual,Christina,Martin,1967-09-08,F,USA,Colorado,Investment,4,Yes,Website,59,1471199.75,5,Corporate Buyers
C1221,Individual,Cynthia,Thomas,1984-05-23,F,USA,Nevada,Investment,2,No,Agency,42,1354868.93,0,Global Investors
C1222,Individual,Christopher,Taylor,1969-01-07,M,USA,Utah,Home,4,No,Website,57,1319349.8599999999,5,Corporate Buyers
C1223,Individual,Sharon,Stone,1952-09-17,F,USA,Washington,Home,4,No,Website,74,1072582.78,2,First-Time Buyers
C1224,Individual,Paul,Carter,1942-06-13,M,USA,New York,Investment,5,Yes,Client,84,827238.27,5,Corporate Buyers
C1225,Individual,Larry,James,1990-11-10,M,USA,Oregon,Home,2,No,Website,36,1122587.7,5,Corporate Buyers
C1226,Individual,Michael,Sanders,1989-05-01,M,USA,Utah,Home,4,No,Website,37,972596.1300000001,5,Corporate Buyers
C1227,Individual,Alexander,Reyes,1987-03-13,M,USA,Colorado,Home,3,Yes,Agency,39,2151534.73,5,Corporate Buyers
C1228,Individual,Joseph,Howard,1954-07-07,M,USA,California,Home,2,No,Website,72,1058718.77,5,Corporate Buyers
C1229,Individual,Madison,Reyes,1994-11-02,F,UK,Scotland,Home,1,Yes,Website,32,1185126.78,1,Residential Buyers
C1230,Individual,Lawrence,Parker,1985-02-18,M,USA,California,Home,5,No,Client,41,759973.15,5,Corporate Buyers
C1231,Individual,Betty,Carter,1954-12-09,F,USA,California,Home,2,No,Agency,72,859705.1699999999,5,Corporate Buyers
C1232,Individual,Mary,Jackson,1989-09-23,F,Canada,British Columbia,Home,3,No,Website,37,1527373.03,1,Residential Buyers
C1233,Individual,Brian,Scott,1979-08-05,M,USA,Utah,Home,4,No,Website,47,936287.8,5,Corporate Buyers
C1234,Individual,Karen,King,1957-01-20,F,USA,Colorado,Investment,1,No,Website,69,1463190.28,5,Corporate Buyers
C1235,Individual,Michael,Morales,1957-05-27,M,USA,Arizona,Home,2,No,Website,69,1271344.1099999999,5,Corporate Buyers
C1236,Individual,Brandon,Cook,1972-08-24,M,USA,Arizona,Home,4,Yes,Website,54,1747766.02,5,Corporate Buyers
C1237,Individual,Helen,Cook,1943-09-25,F,UK,Wales,Investment,4,Yes,Website,83,688233.74,1,Residential Buyers
C1238,Individual,Joshua,Bennett,1946-04-22,M,USA,Nevada,Home,1,Yes,Agency,80,1648873.57,0,Global Investors
C1239,Individual,Catherine,Adams,1953-02-07,F,USA,Oregon,Home,3,No,Agency,73,1457041.08,5,Corporate Buyers
C1240,Individual,Gloria,Wright,1984-11-12,F,USA,Nevada,Investment,4,Yes,Website,42,1018594.4400000001,0,Global Investors
C1241,Individual,Danielle,Martin,1973-08-19,F,USA,California,Home,1,No,Agency,53,1157084.5899999999,5,Corporate Buyers
C1242,Individual,Gerald,Collins,1961-09-22,M,USA,California,Home,3,Yes,Website,65,1055842.78,5,Corporate Buyers
C1243,Individual,Jeffrey,Edwards,1948-10-04,M,USA,Colorado,Home,1,No,Website,78,1419502.04,5,Corporate Buyers
C1244,Individual,Joseph,Phillips,1992-06-10,M,USA,Utah,Investment,5,Yes,Website,34,1438309.93,5,Corporate Buyers
C1245,Individual,Edward,Reyes,1963-02-10,M,USA,California,Home,3,Yes,Agency,63,1422519.51,5,Corporate Buyers
C1246,Individual,Joyce,Jackson,1943-05-10,F,Canada,Alberta,Home,2,No,Agency,83,859984.47,1,Residential Buyers
C1247,Individual,Judy,Moore,1957-04-09,F,USA,Nevada,Investment,2,No,Website,69,1774416.3199999998,0,Global Investors
C1248,Individual,Sara,Scott,1976-07-04,F,USA,Arizona,Home,3,No,Agency,50,786895.89,5,Corporate Buyers
C1249,Individual,Janet,James,1971-07-14,F,USA,California,Investment,1,No,Website,55,1289938.6400000001,5,Corporate Buyers
C1250,Individual,Jordan,Stewart,1950-04-19,M,USA,Nevada,Home,5,No,Agency,76,1582661.61,0,Global Investors
C1251,Individual,Aaron,Thompson,1975-11-01,M,USA,Texas,Investment,5,No,Website,51,1246714.37,5,Corporate Buyers
C1252,Individual,Margaret,Cook,1962-02-27,F,USA,Arizona,Home,3,Yes,Website,64,1137673.55,5,Corporate Buyers
C1253,Individual,Jason,Flores,1991-09-24,M,USA,California,Home,2,No,Agency,35,767162.2200000001,5,Corporate Buyers
C1254,Individual,Ethan,Freeman,1956-04-04,M,USA,California,Home,5,Yes,Agency,70,1604050.8800000001,5,Corporate Buyers
C1255,Individual,Mark,Patterson,1999-09-15,M,USA,California,Home,3,No,Agency,27,1105130.19,5,Corporate Buyers
C1256,Company,Triton,Co,1972-02-18,F,USA,California,Investment,4,No,Agency,54,1227293.02,5,Corporate Buyers
C1257,Individual,Michael,Scott,1991-12-22,M,USA,California,Home,5,Yes,Agency,35,850550.13,5,Corporate Buyers
C1258,Individual,Betty,Stone,1969-06-22,F,USA,Nevada,Home,1,No,Website,57,1015636.19,0,Global Investors
C1259,Individual,William,Edwards,1971-02-19,M,USA,California,Investment,3,Yes,Agency,55,1256766.51,5,Corporate Buyers
C1260,Individual,Elizabeth,Ward,1992-08-24,F,USA,California,Home,2,No,Agency,34,1633449.34,5,Corporate Buyers
C1261,Individual,Patrick,Kim,1976-09-03,M,USA,Utah,Home,3,No,Client,50,1491163.72,5,Corporate Buyers
C1262,Individual,Dorothy,Evans,1950-11-10,F,USA,California,Investment,4,No,Agency,76,961425.37,5,Corporate Buyers
C1263,Individual,Lawrence,Alexander,1951-11-17,M,USA,California,Investment,3,No,Agency,75,1975384.2000000002,5,Corporate Buyers
C1264,Individual,Sarah,Garcia,1999-12-06,F,USA,California,Investment,1,No,Agency,27,1287173.46,5,Corporate Buyers
C1265,Individual,Gary,White,1943-03-24,M,USA,Washington,Home,1,Yes,Agency,83,1070432.96,2,First-Time Buyers
C1266,Individual,Christopher,Hughes,1952-06-20,M,UK,England,Home,2,No,Website,74,1204291.73,1,Residential Buyers
C1267,Individual,Dorothy,Peterson,1965-04-07,F,USA,Colorado,Home,3,Yes,Website,61,1399933.8800000001,5,Corporate Buyers
C1268,Individual,Gloria,Green,1995-10-01,F,UK,Northern Ireland,Investment,1,Yes,Website,31,968928.25,1,Residential Buyers
C1269,Individual,Jack,Bennett,1964-09-28,M,USA,California,Home,5,No,Website,62,1046535.0,5,Corporate Buyers
C1270,Individual,Cheryl,Ward,1978-10-18,F,USA,Texas,Home,4,No,Agency,48,1310435.53,5,Corporate Buyers
C1271,Individual,Noah,Anderson,1992-09-10,M,USA,California,Home,2,Yes,Agency,34,1296911.85,5,Corporate Buyers
C1272,Individual,Ryan,Collins,1941-05-13,M,France,Occitanie,Home,1,Yes,Website,85,778830.7999999999,1,Residential Buyers
C1273,Individual,Gerald,Jordan,1968-05-13,M,Canada,Alberta,Home,5,No,Website,58,1462080.32,1,Residential Buyers
C1274,Individual,Linda,Jones,1979-07-09,F,USA,California,Investment,1,Yes,Website,47,1038831.8500000001,5,Corporate Buyers
C1275,Individual,Jessica,Roberts,1969-02-26,F,USA,Georgia,Investment,1,No,Website,57,1737593.0,5,Corporate Buyers
C1276,Individual,Arthur,Griffin,1940-03-09,M,Australia,Victoria,Home,1,Yes,Agency,86,1635917.97,1,Residential Buyers
C1277,Individual,Lauren,Griffin,1981-04-01,F,USA,California,Investment,2,No,Agency,45,1270250.68,5,Corporate Buyers
C1278,Individual,Arthur,Griffin,1997-07-25,M,USA,Utah,Home,4,No,Website,29,685587.81,5,Corporate Buyers
C1279,Individual,Peter,Martin,1943-10-12,M,USA,California,Home,4,Yes,Website,83,1278123.59,5,Corporate Buyers
C1280,Individual,Jacob,Bennett,1953-09-19,M,USA,Texas,Home,2,Yes,Website,73,1295836.68,5,Corporate Buyers
C1281,Individual,Deborah,Edwards,1998-06-12,F,Canada,Manitoba,Investment,2,Yes,Website,28,889312.14,1,Residential Buyers
C1282,Individual,Ashley,Taylor,1996-05-18,F,USA,Colorado,Investment,3,Yes,Agency,30,1302998.6,5,Corporate Buyers
C1283,Individual,Janice,Collins,1945-11-08,F,USA,New York,Home,3,No,Agency,81,1479050.94,5,Corporate Buyers
C1284,Individual,Patrick,Bennett,1955-10-16,M,USA,California,Home,2,No,Website,71,1443865.51,5,Corporate Buyers
C1285,Individual,Steven,Cox,1954-03-02,M,USA,Utah,Home,4,Yes,Website,72,1609592.58,5,Corporate Buyers
C1286,Individual,Stephen,Evans,1963-07-10,M,USA,California,Home,5,No,Agency,63,1203306.91,5,Corporate Buyers
C1287,Individual,Diane,Hughes,1998-04-07,F,USA,California,Investment,4,No,Website,28,843581.37,5,Corporate Buyers
C1288,Individual,Sean,Cooper,1941-01-20,M,Belgium,Wallonia,Home,3,No,Agency,85,971136.6900000001,1,Residential Buyers
C1289,Individual,Samuel,Freeman,1973-07-26,M,Mexico,Jalisco,Investment,1,Yes,Agency,53,1076161.8599999999,5,Corporate Buyers
C1290,Individual,Teresa,Long,1973-10-24,F,USA,Washington,Home,3,Yes,Website,53,1332432.9100000001,2,First-Time Buyers
C1291,Individual,Paul,Johnson,1983-11-09,M,USA,California,Investment,5,Yes,Website,43,1123403.46,5,Corporate Buyers
C1292,Individual,Jordan,Evans,1977-05-22,M,USA,Texas,Investment,5,Yes,Website,49,1099365.94,5,Corporate Buyers
C1293,Individual,Anna,Wright,1972-08-01,F,USA,California,Home,1,No,Agency,54,1853570.08,5,Corporate Buyers
C1294,Individual,Henry,Davis,1963-02-09,M,Canada,Ontario,Investment,3,Yes,Agency,63,1220533.28,1,Residential Buyers
C1295,Individual,Anna,Bryant,1992-04-21,F,USA,California,Investment,1,Yes,Website,34,1478836.57,5,Corporate Buyers
C1296,Individual,Keith,Hughes,1963-06-02,M,USA,Virginia,Home,1,No,Website,63,1025127.71,5,Corporate Buyers
C1297,Company,Vertex,Co,1983-09-06,M,Germany,Berlin,Home,5,No,Website,43,1169866.19,1,Residential Buyers
C1298,Individual,Margaret,Taylor,1968-08-04,F,USA,California,Home,2,No,Agency,58,1571360.11,5,Corporate Buyers
C1299,Individual,Karen,James,1944-05-05,F,USA,California,Investment,3,No,Website,82,1296600.42,5,Corporate Buyers
C1300,Individual,Judith,Collins,1961-01-06,F,USA,California,Home,2,No,Website,65,1428770.88,5,Corporate Buyers
C1301,Individual,Benjamin,Hayes,1955-12-17,M,USA,Virginia,Home,2,No,Agency,71,742139.88,5,Corporate Buyers
C1302,Individual,Jerry,Anderson,1996-04-19,M,USA,Arizona,Investment,5,No,Website,30,1709532.6,5,Corporate Buyers
C1303,Individual,Christian,Miller,1962-08-22,M,USA,Arizona,Home,3,Yes,Website,64,979418.98,5,Corporate Buyers
C1304,Individual,Angela,Cook,1985-06-08,F,USA,California,Investment,1,No,Website,41,965747.81,5,Corporate Buyers
C1305,Individual,Catherine,Anderson,1978-09-17,F,USA,Georgia,Home,4,No,Website,48,1034190.9,5,Corporate Buyers
C1306,Individual,Kathleen,Morales,1948-03-18,F,USA,Washington,Home,5,No,Website,78,967094.76,2,First-Time Buyers
C1307,Individual,Rachel,Rogers,1993-02-14,F,USA,Colorado,Home,5,No,Agency,33,920439.02,5,Corporate Buyers
C1308,Individual,Timothy,Sanders,2000-03-04,M,USA,California,Investment,5,No,Agency,26,1363559.13,5,Corporate Buyers
C1309,Individual,David,Reyes,1999-12-06,M,USA,California,Home,5,No,Website,27,1460171.4100000001,5,Corporate Buyers
C1310,Individual,Ann,Roberts,1955-05-04,F,USA,New York,Home,5,No,Agency,71,1244334.1400000001,5,Corporate Buyers
C1311,Individual,Christopher,Ward,1940-08-14,M,UK,England,Home,4,Yes,Client,86,1352275.6400000001,1,Residential Buyers
C1312,Individual,Timothy,Stone,1942-09-03,M,USA,New York,Home,5,No,Website,84,786877.06,5,Corporate Buyers
C1313,Individual,Heather,Reed,1972-03-17,F,Australia,Western Australia,Investment,3,No,Website,54,997579.61,1,Residential Buyers
C1314,Individual,Rachel,Miller,1964-09-17,F,USA,Arizona,Home,3,No,Website,62,803329.23,5,Corporate Buyers
C1315,Individual,Joshua,Garcia,1948-12-24,M,USA,Colorado,Home,3,No,Agency,78,1066308.48,5,Corporate Buyers
C1316,Individual,Emma,King,1993-05-09,F,USA,Colorado,Home,2,Yes,Website,33,1238162.97,5,Corporate Buyers
C1317,Company,Atlas,Co,1973-11-27,M,USA,Utah,Home,2,Yes,Website,53,1315200.12,5,Corporate Buyers
C1318,Individual,William,Montgomery,1943-01-18,M,USA,Texas,Home,1,No,Website,83,1423923.98,5,Corporate Buyers
C1319,Individual,Grace,James,1954-08-17,F,USA,Florida,Home,3,Yes,Client,72,1424704.13,5,Corporate Buyers
C1320,Individual,Peter,Reyes,1969-05-03,M,USA,California,Investment,1,No,Website,57,1077693.04,5,Corporate Buyers
C1321,Individual,Christopher,Reed,1990-09-11,M,USA,Colorado,Investment,5,No,Client,36,787847.37,5,Corporate Buyers
C1322,Individual,Barbara,Reyes,1994-12-26,F,USA,California,Home,5,No,Agency,32,1094026.3399999999,5,Corporate Buyers
C1323,Individual,Nicholas,Moore,1963-07-28,M,USA,Utah,Home,3,No,Website,63,1180654.6,5,Corporate Buyers
C1324,Individual,Carl,Edwards,1992-04-21,M,USA,Arizona,Investment,2,Yes,Agency,34,1323306.51,5,Corporate Buyers
C1325,Individual,George,Jones,1974-12-09,M,Canada,Alberta,Home,5,Yes,Agency,52,1380292.56,1,Residential Buyers
C1326,Individual,Brandon,Mitchell,1944-05-22,M,USA,Colorado,Investment,4,No,Website,82,1489578.01,5,Corporate Buyers
C1327,Individual,Betty,Carter,1993-05-14,F,USA,California,Home,4,Yes,Website,33,664017.81,5,Corporate Buyers
C1328,Individual,Sandra,Cooper,1956-07-23,F,USA,Washington,Home,4,No,Website,70,1337283.29,2,First-Time Buyers
C1329,Individual,Scott,Parker,1968-04-28,M,USA,California,Investment,3,Yes,Agency,58,1041797.56,5,Corporate Buyers
C1330,Individual,Kelly,James,1975-05-02,F,USA,Colorado,Investment,2,No,Agency,51,835096.87,5,Corporate Buyers
C1331,Individual,Christina,Bennett,1986-10-06,F,USA,California,Investment,1,No,Agency,40,1047958.11,5,Corporate Buyers
C1332,Individual,Michael,Howard,1995-12-11,M,USA,Washington,Investment,5,Yes,Agency,31,1227353.63,2,First-Time Buyers
C1333,Individual,Jack,Hansen,1988-03-27,M,USA,Nevada,Investment,2,Yes,Website,38,1364310.45,0,Global Investors
C1334,Individual,Victoria,Nelson,1965-12-08,F,USA,California,Home,5,Yes,Agency,61,1906641.78,5,Corporate Buyers
C1335,Individual,Elizabeth,Hall,1982-05-01,F,USA,Oregon,Investment,2,Yes,Website,44,1001510.5800000001,5,Corporate Buyers
C1336,Individual,Joyce,Thompson,1948-12-09,F,USA,California,Home,5,No,Client,78,1371591.4,5,Corporate Buyers
C1337,Individual,Jennifer,Johnson,1953-09-20,F,USA,California,Investment,5,No,Website,73,1310989.71,5,Corporate Buyers
C1338,Individual,Christine,James,1968-12-01,F,USA,California,Home,2,Yes,Website,58,1096818.64,5,Corporate Buyers
C1339,Company,Rexon,Co,1961-02-24,M,USA,Nevada,Home,4,Yes,Website,65,1532340.63,0,Global Investors
C1340,Company,Forsyte,Co,1988-12-05,M,USA,Colorado,Home,5,No,Website,38,1746049.93,5,Corporate Buyers
C1341,Individual,Julie,Cox,1952-09-23,F,USA,Colorado,Home,5,Yes,Website,74,756694.8300000001,5,Corporate Buyers
C1342,Individual,Maria,Griffin,1964-02-21,F,USA,California,Home,1,Yes,Agency,62,922722.19,5,Corporate Buyers
C1343,Individual,Megan,Turner,1995-03-13,F,Canada,Ontario,Home,5,No,Agency,31,1005148.6399999999,1,Residential Buyers
C1344,Individual,Carl,Phillips,1974-05-24,M,USA,Florida,Home,1,No,Agency,52,1319490.92,5,Corporate Buyers
C1345,Individual,Mary,Parker,1956-04-25,F,USA,Texas,Home,5,No,Website,70,942467.41,5,Corporate Buyers
C1346,Company,Triton,Co,1987-03-18,F,USA,Colorado,Investment,4,No,Agency,39,1037623.3900000001,5,Corporate Buyers
C1347,Individual,Mark,James,1956-02-13,M,USA,Washington,Home,2,No,Client,70,1001705.48,2,First-Time Buyers
C1348,Individual,Peter,Harris,1998-07-16,M,USA,Oregon,Home,4,Yes,Client,28,1021309.9299999999,5,Corporate Buyers
C1349,Individual,Joyce,Johnson,1982-02-14,F,USA,Virginia,Investment,3,No,Website,44,773186.34,5,Corporate Buyers
C1350,Individual,Julia,King,1991-05-17,F,Germany,Hamburg,Home,5,No,Website,35,743296.88,1,Residential Buyers
C1351,Individual,Judith,Long,1987-06-24,F,Australia,South Australia,Home,2,No,Client,39,1400457.41,1,Residential Buyers
C1352,Individual,Benjamin,Gray,1989-03-16,M,USA,California,Home,2,Yes,Agency,37,1535963.18,5,Corporate Buyers
C1353,Individual,Debra,Jackson,1997-10-15,F,Canada,Alberta,Home,1,No,Agency,29,532598.24,1,Residential Buyers
C1354,Individual,Patrick,Johnson,1941-04-09,M,USA,Florida,Home,5,No,Website,85,1545799.94,5,Corporate Buyers
C1355,Individual,Shirley,Owens,1966-11-22,F,USA,California,Investment,2,Yes,Client,60,1245446.7799999998,5,Corporate Buyers
C1356,Individual,Jonathan,Morales,1994-03-26,M,USA,Oregon,Investment,4,No,Agency,32,1490237.62,5,Corporate Buyers
C1357,Individual,Danielle,Patterson,1987-03-01,F,USA,California,Home,5,Yes,Website,39,1077383.54,5,Corporate Buyers
C1358,Individual,Gregory,Taylor,1943-01-05,M,USA,Texas,Home,4,No,Agency,83,965180.83,5,Corporate Buyers
C1359,Individual,Gary,Owens,1975-07-25,M,USA,Virginia,Home,3,No,Agency,51,1381335.3,5,Corporate Buyers
C1360,Individual,Billy,Nelson,1990-11-27,M,USA,Virginia,Home,4,No,Agency,36,1001006.54,5,Corporate Buyers
C1361,Individual,Ashley,Owens,1943-07-21,F,USA,California,Home,3,No,Client,83,1529260.3,5,Corporate Buyers
C1362,Individual,Laura,Jordan,1965-04-13,F,USA,California,Investment,1,Yes,Agency,61,993131.84,5,Corporate Buyers
C1363,Individual,James,Stone,1981-06-04,M,USA,Georgia,Home,5,Yes,Agency,45,1109919.3599999999,5,Corporate Buyers
C1364,Individual,Andrea,Watson,1998-12-23,F,USA,California,Investment,1,No,Website,28,1201578.93,5,Corporate Buyers
C1365,Individual,Tiffany,Sanders,1969-03-16,F,Belgium,Brussels,Investment,5,Yes,Website,57,1443894.02,1,Residential Buyers
C1366,Individual,George,Thompson,1995-07-27,M,USA,California,Home,1,No,Website,31,1488525.13,5,Corporate Buyers
C1367,Individual,Stephanie,Jordan,1953-01-11,F,Germany,Berlin,Home,2,No,Client,73,1035889.5,1,Residential Buyers
C1368,Individual,Jose,Gray,1947-11-22,M,USA,California,Home,5,Yes,Client,79,1378979.49,5,Corporate Buyers
C1369,Individual,Peter,Garcia,1983-10-07,M,France,Brittany,Home,4,Yes,Agency,43,1615394.12,1,Residential Buyers
C1370,Individual,Frank,Evans,1965-06-04,M,USA,Colorado,Investment,1,No,Agency,61,834659.23,5,Corporate Buyers
C1371,Individual,Timothy,Thomas,1989-06-19,M,UK,England,Home,2,Yes,Website,37,1036681.19,1,Residential Buyers
C1372,Individual,Lisa,Turner,1981-11-21,F,USA,Washington,Investment,2,No,Website,45,874872.8,2,First-Time Buyers
C1373,Individual,Melissa,Evans,1992-10-11,F,USA,California,Home,3,Yes,Website,34,1275663.27,5,Corporate Buyers
C1374,Company,Quasar,Co,1990-01-25,M,France,Ile-de-France,Home,3,Yes,Agency,36,1230590.28,1,Residential Buyers
C1375,Individual,Carolyn,Flores,1972-11-22,F,USA,California,Investment,4,Yes,Agency,54,1097182.3900000001,5,Corporate Buyers
C1376,Individual,Carolyn,Edwards,1987-06-23,F,USA,Arizona,Investment,3,Yes,Agency,39,1272387.2999999998,5,Corporate Buyers
C1377,Individual,Laura,Long,1984-01-04,F,USA,Utah,Investment,2,No,Website,42,828441.4099999999,5,Corporate Buyers
C1378,Individual,Maria,Morales,1976-11-19,F,USA,California,Investment,1,No,Website,50,1399739.87,5,Corporate Buyers
C1379,Individual,Kevin,Gray,1970-06-11,M,UK,Scotland,Home,2,No,Website,56,827767.69,1,Residential Buyers
C1380,Individual,Michael,Hughes,1949-10-15,M,Canada,Alberta,Investment,4,No,Website,77,1012542.1799999999,1,Residential Buyers
C1381,Individual,Eric,Cox,1962-06-16,M,Germany,Hesse,Home,3,Yes,Website,64,1082639.9100000001,1,Residential Buyers
C1382,Individual,Adam,James,1951-05-19,M,USA,Oregon,Home,2,No,Website,75,1176910.13,5,Corporate Buyers
C1383,Individual,Noah,Moore,1992-11-11,M,USA,California,Home,2,No,Agency,34,864768.8300000001,5,Corporate Buyers
C1384,Individual,Mary,Young,1988-03-10,F,USA,California,Home,2,Yes,Agency,38,905480.04,5,Corporate Buyers
C1385,Individual,Kenneth,Owens,1946-06-01,M,USA,California,Home,1,No,Agency,80,1182983.03,5,Corporate Buyers
C1386,Individual,Harold,Howard,1947-08-23,M,USA,Washington,Home,4,Yes,Website,79,1284366.78,2,First-Time Buyers
C1387,Individual,Jose,Reed,1943-05-27,M,Germany,Hamburg,Investment,4,No,Website,83,804550.47,1,Residential Buyers
C1388,Individual,Hannah,Stone,1999-04-20,F,USA,Washington,Home,3,No,Website,27,1183031.06,2,First-Time Buyers
C1389,Individual,Jordan,Montgomery,1952-07-03,M,UK,Scotland,Home,2,No,Website,74,1742522.83,1,Residential Buyers
C1390,Individual,Lauren,Thomas,1979-07-21,F,USA,Nevada,Home,3,No,Website,47,906492.19,0,Global Investors
C1391,Individual,Barbara,Campbell,1974-03-06,F,USA,Utah,Home,1,No,Website,52,1579627.98,5,Corporate Buyers
C1392,Individual,Jose,Johnson,1990-06-05,M,USA,Colorado,Home,4,Yes,Agency,36,1434978.2000000002,5,Corporate Buyers
C1393,Individual,Virginia,Miller,1981-07-09,F,Mexico,Baja California,Investment,1,No,Agency,45,1187799.99,5,Corporate Buyers
C1394,Individual,Debra,Hansen,1977-02-26,F,USA,Nevada,Home,4,No,Website,49,1325404.6,0,Global Investors
C1395,Individual,Megan,Campbell,1988-09-27,F,Canada,Alberta,Investment,4,No,Website,38,1497964.92,1,Residential Buyers
C1396,Individual,Steven,Foster,1971-06-02,M,Canada,Manitoba,Investment,3,Yes,Website,55,977070.1199999999,1,Residential Buyers
C1397,Individual,Linda,Chavez,1983-03-10,F,USA,Nevada,Home,4,No,Website,43,1551369.83,0,Global Investors
C1398,Individual,Alexander,Jones,1966-12-13,M,USA,California,Home,5,Yes,Website,60,926545.71,5,Corporate Buyers
C1399,Individual,Lauren,Evans,1978-08-23,F,Canada,British Columbia,Home,5,No,Agency,48,1259614.96,1,Residential Buyers
C1400,Individual,Maria,Jones,1991-10-24,F,UK,Northern Ireland,Home,4,No,Client,35,1146194.54,1,Residential Buyers
C1401,Individual,Virginia,Brooks,1999-03-24,F,USA,Virginia,Investment,1,No,Website,27,1223523.71,5,Corporate Buyers
C1402,Individual,Helen,Jordan,1968-09-28,F,USA,Utah,Home,3,No,Agency,58,1394159.93,5,Corporate Buyers
C1403,Individual,Pamela,Scott,1983-09-22,F,USA,Oregon,Home,2,No,Website,43,1463350.69,5,Corporate Buyers
C1404,Individual,Sharon,Williams,1950-07-22,F,USA,California,Home,4,No,Agency,76,1193678.04,5,Corporate Buyers
C1405,Individual,Ryan,Williams,1955-06-08,M,USA,Oregon,Home,5,No,Agency,71,1306722.3599999999,5,Corporate Buyers
C1406,Individual,Sara,Wood,1970-09-01,F,USA,California,Home,3,No,Website,56,1364413.45,5,Corporate Buyers
C1407,Individual,Sharon,Hansen,1956-03-22,F,USA,California,Home,1,No,Agency,70,1429717.0899999999,5,Corporate Buyers
C1408,Company,Grandis,Co,1963-11-13,F,USA,California,Home,2,No,Agency,63,1345035.74,5,Corporate Buyers
C1409,Individual,Katherine,Price,1957-08-01,F,USA,Oregon,Investment,2,No,Website,69,1072801.12,5,Corporate Buyers
C1410,Individual,Jennifer,Edwards,1965-12-16,F,USA,Nevada,Home,2,No,Agency,61,1439196.49,0,Global Investors
C1411,Individual,Anthony,Watson,1987-04-04,M,USA,California,Home,2,No,Client,39,1318823.1600000001,5,Corporate Buyers
C1412,Company,Optima,Co,1985-06-28,F,USA,Nevada,Home,2,No,Agency,41,1498125.2,0,Global Investors
C1413,Individual,Margaret,Rogers,1968-09-18,F,USA,California,Home,4,No,Agency,58,1489065.1600000001,5,Corporate Buyers
C1414,Individual,Michelle,Wright,1975-05-01,F,USA,Florida,Home,4,No,Website,51,1188718.7,5,Corporate Buyers
C1415,Individual,Tyler,Murray,1959-07-14,M,USA,California,Investment,1,No,Website,67,748797.26,5,Corporate Buyers
C1416,Individual,Bryan,Peterson,1954-07-01,M,USA,Oregon,Home,2,No,Agency,72,1418066.3900000001,5,Corporate Buyers
C1417,Individual,Dennis,Williams,1953-10-26,M,UK,Scotland,Home,5,No,Website,73,1023021.48,1,Residential Buyers
C1418,Individual,Kyle,Cox,1954-04-06,M,USA,Ohio,Investment,2,No,Website,72,1443234.8900000001,5,Corporate Buyers
C1419,Individual,Jason,Peterson,1971-08-08,M,Germany,Hamburg,Investment,4,Yes,Website,55,1143605.72,1,Residential Buyers
C1420,Company,Terova,Co,1981-10-20,M,UK,Wales,Home,5,No,Website,45,1196856.69,1,Residential Buyers
C1421,Individual,James,Jones,1957-11-14,M,USA,Colorado,Home,1,No,Website,69,938557.1900000001,5,Corporate Buyers
C1422,Individual,Billy,Hansen,1955-01-15,M,USA,Florida,Investment,1,Yes,Website,71,2032565.11,5,Corporate Buyers
C1423,Individual,Jack,Brooks,1955-09-21,M,UK,Northern Ireland,Home,4,Yes,Website,71,1822778.3599999999,1,Residential Buyers
C1424,Individual,Judy,Harris,1954-03-12,F,USA,Utah,Home,2,Yes,Agency,72,1382756.57,5,Corporate Buyers
C1425,Individual,Raymond,Taylor,1971-12-16,M,Belgium,Flanders,Home,3,No,Website,55,1449563.3199999998,1,Residential Buyers
C1426,Individual,Christina,Campbell,1964-05-20,F,USA,Washington,Home,2,No,Website,62,1709098.18,2,First-Time Buyers
C1427,Individual,Julia,Richardson,1955-05-10,F,Australia,Victoria,Home,5,No,Website,71,1378636.21,1,Residential Buyers
C1428,Individual,Nicole,Allen,1953-12-05,F,USA,Oregon,Home,4,Yes,Agency,73,1136052.54,5,Corporate Buyers
C1429,Individual,Jesse,Stewart,1991-10-01,M,USA,Nevada,Investment,5,No,Agency,35,1697550.01,0,Global Investors
C1430,Individual,Patrick,Allen,1963-09-11,M,USA,Nevada,Home,4,No,Website,63,928463.2,0,Global Investors
C1431,Individual,Melissa,Griffin,1943-07-01,F,Germany,Hesse,Home,3,Yes,Website,83,1620159.73,1,Residential Buyers
C1432,Individual,Larry,Weaver,1951-12-26,M,USA,Utah,Home,3,No,Agency,75,863383.74,5,Corporate Buyers
C1433,Individual,Christian,Mitchell,1953-04-12,M,Germany,Hamburg,Home,4,No,Website,73,1358111.0699999998,1,Residential Buyers
C1434,Company,Terova,Co,1985-06-25,F,USA,California,Investment,5,No,Agency,41,1038640.05,5,Corporate Buyers
C1435,Individual,Zachary,Morales,1967-04-08,M,USA,Texas,Investment,2,No,Agency,59,903765.87,5,Corporate Buyers
C1436,Individual,Kyle,Wright,1998-10-09,M,USA,California,Home,2,No,Website,28,969917.19,5,Corporate Buyers
C1437,Individual,Gerald,Stewart,1997-04-08,M,USA,Arizona,Investment,5,No,Agency,29,1668948.58,5,Corporate Buyers
C1438,Individual,Benjamin,Taylor,1988-08-04,M,USA,California,Home,2,Yes,Agency,38,1255115.0,5,Corporate Buyers
C1439,Individual,Helen,Morales,2000-10-14,F,USA,Virginia,Home,2,No,Agency,26,1040682.81,5,Corporate Buyers
C1440,Individual,Mary,Phillips,1952-07-20,F,USA,Colorado,Investment,2,No,Agency,74,901013.4199999999,5,Corporate Buyers
C1441,Individual,Helen,Campbell,1945-09-08,F,USA,California,Investment,5,No,Website,81,1201777.78,5,Corporate Buyers
C1442,Individual,Timothy,Foster,2000-06-17,M,USA,Colorado,Home,2,Yes,Client,26,1007348.75,5,Corporate Buyers
C1443,Individual,Betty,Hughes,1979-11-22,F,USA,Florida,Home,2,No,Website,47,1045348.1100000001,5,Corporate Buyers
C1444,Individual,Frank,Alexander,1981-06-25,M,USA,Colorado,Home,3,No,Website,45,1089631.7,5,Corporate Buyers
C1445,Individual,Gregory,Hall,1988-07-26,M,USA,Florida,Home,5,No,Website,38,1249138.91,5,Corporate Buyers
C1446,Individual,Amber,Gray,1951-12-09,F,USA,Ohio,Home,4,No,Website,75,1550820.49,5,Corporate Buyers
C1447,Individual,Janet,Rogers,1972-05-14,F,USA,Nevada,Investment,4,Yes,Client,54,1372408.9,0,Global Investors
C1448,Individual,Henry,Ward,1959-03-15,M,Russia,Tatarstan,Home,1,No,Website,67,1221304.62,1,Residential Buyers
C1449,Individual,Nicole,Cox,1999-06-14,F,USA,California,Investment,5,No,Website,27,1110557.49,5,Corporate Buyers
C1450,Individual,Pamela,White,1996-04-06,F,USA,Virginia,Home,5,No,Website,30,1028509.6,5,Corporate Buyers
C1451,Individual,Hannah,Turner,1983-10-19,F,USA,California,Home,1,No,Website,43,1529673.3199999998,5,Corporate Buyers
C1452,Individual,Kelly,Edwards,1993-08-05,F,Belgium,Wallonia,Home,3,No,Client,33,1320005.77,1,Residential Buyers
C1453,Individual,Kenneth,Stone,1981-10-07,M,USA,California,Home,2,No,Agency,45,1145044.9,5,Corporate Buyers
C1454,Individual,Ann,Kim,1948-05-23,F,USA,California,Investment,1,No,Client,78,1188825.44,5,Corporate Buyers
C1455,Individual,Christina,Nelson,1989-06-15,F,USA,Colorado,Home,3,Yes,Agency,37,985992.4299999999,5,Corporate Buyers
C1456,Company,Quasar,Co,1992-06-26,F,USA,Oregon,Investment,1,Yes,Website,34,1598853.55,5,Corporate Buyers
C1457,Individual,Julie,Foster,1949-01-27,F,USA,California,Home,3,Yes,Agency,77,1537205.06,5,Corporate Buyers
C1458,Individual,Keith,Reed,1950-09-16,M,USA,Arizona,Home,1,No,Website,76,917921.54,5,Corporate Buyers
C1459,Individual,Terry,Hall,1949-09-28,M,USA,Arizona,Home,5,No,Website,77,1556253.48,5,Corporate Buyers
C1460,Individual,Pamela,Long,1972-12-05,F,UK,England,Home,1,Yes,Agency,54,1569390.69,1,Residential Buyers
C1461,Individual,Gloria,Reyes,1944-01-13,F,USA,California,Home,5,No,Website,82,1507966.87,5,Corporate Buyers
C1462,Individual,Virginia,Allen,1984-04-19,F,Germany,Hamburg,Investment,3,No,Agency,42,1220331.12,1,Residential Buyers
C1463,Individual,Lawrence,Ward,1943-12-28,M,USA,California,Home,2,Yes,Website,83,1639044.0,5,Corporate Buyers
C1464,Individual,Terry,Weaver,1940-01-25,M,USA,Arizona,Home,1,No,Website,86,1094818.68,5,Corporate Buyers
C1465,Individual,Edward,Stewart,1990-07-09,M,USA,Ohio,Home,3,Yes,Website,36,1312191.47,5,Corporate Buyers
C1466,Individual,Ashley,Howard,1999-08-28,F,Belgium,Flanders,Investment,2,No,Website,27,1387827.15,1,Residential Buyers
C1467,Individual,Rebecca,Adams,1951-07-19,F,USA,California,Home,5,No,Client,75,761353.26,5,Corporate Buyers
C1468,Individual,Jason,Martin,1940-08-24,M,Canada,Manitoba,Home,3,No,Website,86,1072452.07,1,Residential Buyers
C1469,Individual,Keith,Richardson,1970-05-17,M,USA,Colorado,Home,1,No,Website,56,1512121.6400000001,5,Corporate Buyers
C1470,Individual,Alexander,Richardson,1940-05-27,M,USA,Colorado,Investment,3,Yes,Agency,86,1440682.21,5,Corporate Buyers
C1471,Individual,Judith,Williams,1940-05-24,F,UK,Northern Ireland,Home,1,Yes,Website,86,1048588.76,1,Residential Buyers
C1472,Individual,Paul,Flores,1991-03-23,M,USA,Washington,Home,1,No,Website,35,1610320.87,2,First-Time Buyers
C1473,Individual,Maria,Freeman,1974-03-14,F,USA,California,Home,2,No,Agency,52,1415300.74,5,Corporate Buyers
C1474,Individual,Kevin,Brown,1969-04-10,M,USA,Oregon,Home,3,No,Website,57,1563434.47,5,Corporate Buyers
C1475,Individual,Raymond,Brown,1944-08-02,M,Mexico,Jalisco,Home,4,Yes,Agency,82,1579186.25,5,Corporate Buyers
C1476,Individual,Kevin,Jackson,2000-06-08,M,USA,Nevada,Home,1,No,Agency,26,1505369.42,0,Global Investors
C1477,Company,Zynex,Co,1968-04-10,F,USA,California,Investment,1,No,Agency,58,1051466.92,5,Corporate Buyers
C1478,Individual,Emily,Reed,1958-09-12,F,Canada,British Columbia,Investment,1,No,Agency,68,965772.74,1,Residential Buyers
C1479,Individual,Paul,Carter,1968-03-26,M,USA,California,Investment,1,No,Website,58,1275455.51,5,Corporate Buyers
C1480,Individual,Danielle,White,1985-04-09,F,USA,Virginia,Investment,3,No,Client,41,1466467.79,5,Corporate Buyers
C1481,Company,Caldera,Co,1984-12-04,F,USA,Arizona,Investment,3,No,Website,42,1059700.8800000001,5,Corporate Buyers
C1482,Individual,Kimberly,Murray,1953-01-24,F,USA,Oregon,Home,2,Yes,Website,73,1665015.1700000002,5,Corporate Buyers
C1483,Individual,Gary,Hall,1975-06-01,M,USA,Colorado,Home,3,Yes,Agency,51,1831769.62,5,Corporate Buyers
C1484,Individual,Christina,Nelson,1971-10-09,F,USA,Colorado,Home,3,No,Client,55,1117191.81,5,Corporate Buyers
C1485,Individual,Rachel,Scott,1984-06-26,F,USA,Washington,Investment,4,No,Website,42,1604885.52,2,First-Time Buyers
C1486,Individual,Madison,Campbell,1996-06-14,F,UK,Wales,Home,5,Yes,Website,30,1019385.69,1,Residential Buyers
C1487,Individual,Sandra,Martin,1965-12-10,F,USA,New York,Home,3,No,Agency,61,1553533.51,5,Corporate Buyers
C1488,Individual,Keith,Scott,1975-09-07,M,USA,Florida,Investment,2,No,Website,51,1029238.79,5,Corporate Buyers
C1489,Individual,Gloria,Montgomery,1951-03-19,F,USA,Arizona,Home,5,No,Agency,75,1056549.47,5,Corporate Buyers
C1490,Individual,Dennis,Hall,1994-11-06,M,UK,Wales,Investment,5,Yes,Client,32,861119.76,1,Residential Buyers
C1491,Individual,Rebecca,Evans,1997-07-10,F,USA,Georgia,Home,4,No,Agency,29,1056750.03,5,Corporate Buyers
C1492,Individual,Mary,Taylor,1984-12-18,F,Germany,Bavaria,Home,2,No,Agency,42,1309655.49,1,Residential Buyers
C1493,Individual,Thomas,Bennett,1992-03-16,M,USA,Washington,Home,4,Yes,Agency,34,864605.61,2,First-Time Buyers
C1494,Individual,Nicholas,Cooper,1996-04-09,M,USA,New York,Home,1,No,Client,30,913338.07,5,Corporate Buyers
C1495,Individual,Jason,Hughes,1991-11-09,M,Denmark,Capital Region,Home,1,No,Website,35,2059292.68,4,Luxury Investors
C1496,Individual,Bryan,Patterson,1986-11-15,M,USA,Florida,Home,5,No,Agency,40,1119013.6099999999,5,Corporate Buyers
C1497,Individual,Samuel,Parker,1940-01-13,M,USA,California,Investment,4,No,Agency,86,794765.34,5,Corporate Buyers
C1498,Individual,Nicole,Carter,1967-02-03,F,Mexico,Puebla,Investment,5,No,Website,59,1142631.83,1,Residential Buyers
C1499,Individual,Lauren,Gray,1997-11-04,F,Russia,Saint Petersburg,Home,3,Yes,Agency,29,1321905.54,1,Residential Buyers
C1500,Individual,Shirley,Ward,1995-01-04,F,Australia,Victoria,Home,2,No,Agency,31,1020299.92,1,Residential Buyers
C1501,Individual,Brenda,White,1951-12-16,F,USA,Oregon,Investment,4,No,Agency,75,761279.08,5,Corporate Buyers
C1502,Individual,Elizabeth,Weaver,1994-10-27,F,UK,Wales,Home,5,Yes,Website,32,1045772.34,1,Residential Buyers
C1503,Company,Triton,Co,1986-08-21,M,USA,Arizona,Investment,5,No,Website,40,1299971.48,5,Corporate Buyers
C1504,Individual,Patrick,Hughes,1946-08-19,M,USA,California,Home,4,No,Website,80,871805.96,5,Corporate Buyers
C1505,Individual,William,Cook,1994-05-14,M,USA,Virginia,Home,3,No,Agency,32,1012922.06,5,Corporate Buyers
C1506,Individual,Larry,Price,1950-01-11,M,USA,Utah,Investment,3,No,Website,76,1010109.4,5,Corporate Buyers
C1507,Individual,Joyce,Cooper,1951-03-28,F,USA,Florida,Home,3,No,Agency,75,1499666.44,5,Corporate Buyers
C1508,Individual,Benjamin,Morris,1994-12-03,M,UK,Scotland,Home,3,No,Agency,32,965283.79,1,Residential Buyers
C1509,Individual,Rebecca,Campbell,1946-12-16,F,USA,California,Home,3,No,Website,80,1821912.8699999999,5,Corporate Buyers
C1510,Company,Altira,Co,1962-12-01,M,USA,California,Home,5,No,Agency,64,804243.22,5,Corporate Buyers
C1511,Individual,Ann,Hansen,1989-07-20,F,France,Provence,Home,2,Yes,Website,37,1093080.8599999999,1,Residential Buyers
C1512,Individual,Anna,Young,1955-06-18,F,USA,Nevada,Home,4,Yes,Client,71,1209056.95,0,Global Investors
C1513,Individual,Danielle,Morales,1995-06-08,F,USA,Florida,Home,2,No,Website,31,1452266.37,5,Corporate Buyers
C1514,Individual,Linda,Bryant,1986-12-08,F,USA,New York,Home,4,No,Website,40,1211908.53,5,Corporate Buyers
C1515,Individual,Angela,Williams,1946-10-16,F,USA,Nevada,Investment,5,No,Website,80,1433703.52,0,Global Investors
C1516,Individual,Grace,Wood,1953-05-23,F,USA,Texas,Home,4,No,Website,73,690456.91,5,Corporate Buyers
C1517,Individual,Benjamin,Chavez,1978-02-23,M,USA,California,Investment,2,No,Agency,48,1328693.42,5,Corporate Buyers
C1518,Individual,Teresa,Rogers,1994-10-08,F,Australia,Victoria,Home,5,Yes,Agency,32,961942.8799999999,1,Residential Buyers
C1519,Individual,Kyle,Freeman,1972-08-19,M,USA,California,Home,1,No,Agency,54,1366990.1300000001,5,Corporate Buyers
C1520,Individual,Patrick,Griffin,1945-12-05,M,USA,Utah,Home,1,No,Website,81,1425469.02,5,Corporate Buyers
C1521,Individual,Bryan,Foster,1973-12-25,M,USA,Nevada,Home,4,No,Agency,53,913579.4099999999,0,Global Investors
C1522,Individual,Debra,Mitchell,1964-09-14,F,USA,Washington,Home,5,No,Website,62,1598304.98,2,First-Time Buyers
C1523,Company,Horizon,Co,1981-07-22,M,Australia,Victoria,Investment,3,No,Website,45,1652083.92,1,Residential Buyers
C1524,Individual,Jordan,Wilson,1967-07-24,M,USA,Virginia,Home,2,No,Client,59,1434208.3,5,Corporate Buyers
C1525,Individual,Timothy,Brown,1959-08-24,M,USA,California,Home,1,No,Agency,67,1336757.18,5,Corporate Buyers
C1526,Individual,Victoria,Howard,1956-08-05,F,USA,California,Home,3,No,Website,70,1429330.15,5,Corporate Buyers
C1527,Individual,Martha,Thomas,1989-05-13,F,USA,California,Home,1,No,Agency,37,993447.0599999999,5,Corporate Buyers
C1528,Individual,Jennifer,Weaver,1997-09-02,F,Germany,Hamburg,Home,1,Yes,Website,29,1058452.68,1,Residential Buyers
C1529,Company,Helios,Co,1989-04-19,M,USA,California,Home,4,No,Website,37,1614522.9000000001,5,Corporate Buyers
C1530,Individual,Sarah,Wright,1988-11-20,F,USA,California,Home,2,No,Website,38,1011087.75,5,Corporate Buyers
C1531,Individual,Bryan,Cox,1964-03-15,M,France,Brittany,Investment,2,No,Website,62,1272471.05,1,Residential Buyers
C1532,Individual,Linda,Freeman,1998-09-26,F,USA,Texas,Home,3,Yes,Website,28,1446462.79,5,Corporate Buyers
C1533,Individual,Anthony,Bryant,1988-10-05,M,Canada,British Columbia,Home,4,No,Agency,38,1019127.09,1,Residential Buyers
C1534,Individual,Sandra,Pierce,1996-06-08,F,USA,California,Home,4,Yes,Website,30,1195359.88,5,Corporate Buyers
C1535,Individual,Jeremy,Stone,1994-09-03,M,UK,England,Investment,3,No,Agency,32,1967005.46,1,Residential Buyers
C1536,Individual,Sara,Baker,1982-06-05,F,USA,Washington,Home,3,No,Website,44,1076884.84,2,First-Time Buyers
C1537,Individual,Lisa,Foster,1999-08-04,F,USA,Arizona,Home,5,No,Website,27,1637300.4100000001,5,Corporate Buyers
C1538,Individual,Jessica,Kim,1947-01-07,F,USA,California,Investment,5,No,Website,79,775544.78,5,Corporate Buyers
C1539,Individual,Terry,Brown,1997-05-13,M,USA,Nevada,Home,1,No,Agency,29,811448.36,0,Global Investors
C1540,Individual,Roger,Cox,1957-12-02,M,USA,California,Home,2,Yes,Client,69,842510.7,5,Corporate Buyers
C1541,Individual,Carl,Adams,1964-11-20,M,USA,California,Home,2,No,Website,62,1173616.46,5,Corporate Buyers
C1542,Individual,Gary,Cook,1989-07-27,M,USA,Nevada,Home,1,Yes,Website,37,1261648.92,0,Global Investors
C1543,Individual,Virginia,Peterson,1955-11-10,F,USA,New York,Investment,3,No,Agency,71,1199490.31,5,Corporate Buyers
C1544,Individual,Heather,Evans,1947-04-27,F,Russia,Tatarstan,Home,3,No,Website,79,1551623.3,1,Residential Buyers
C1545,Individual,Elizabeth,Price,1992-11-23,F,USA,California,Investment,1,Yes,Website,34,1101811.15,5,Corporate Buyers
C1546,Individual,Sarah,Scott,1966-06-06,F,Mexico,Puebla,Home,4,Yes,Agency,60,1161022.51,1,Residential Buyers
C1547,Individual,Margaret,Martin,1975-04-03,F,USA,Florida,Home,2,Yes,Agency,51,1199337.46,5,Corporate Buyers
C1548,Company,Telnox,Co,1967-12-26,M,USA,California,Home,2,Yes,Website,59,615223.03,5,Corporate Buyers
C1549,Individual,Gary,Reyes,1961-06-15,M,Mexico,Nuevo Leon,Home,4,No,Client,65,837044.35,5,Corporate Buyers
C1550,Individual,Jason,Rogers,1998-10-01,M,USA,California,Home,2,No,Agency,28,1368767.79,5,Corporate Buyers
C1551,Individual,Aaron,Howard,1991-05-17,M,USA,California,Home,2,No,Agency,35,1252240.69,5,Corporate Buyers
C1552,Individual,Peter,Wilson,1947-04-20,M,USA,California,Investment,2,Yes,Agency,79,1356450.7000000002,5,Corporate Buyers
C1553,Company,Horizon,Co,1990-03-27,M,USA,Utah,Home,4,No,Agency,36,979536.36,5,Corporate Buyers
C1554,Individual,Gregory,Cox,1998-03-04,M,Germany,Bavaria,Home,1,No,Website,28,742034.24,1,Residential Buyers
C1555,Individual,Julia,Martin,1946-04-25,F,UK,England,Home,5,No,Website,80,1233852.38,1,Residential Buyers
C1556,Individual,Grace,Wood,1982-11-20,F,USA,Colorado,Investment,2,No,Agency,44,1215734.71,5,Corporate Buyers
C1557,Individual,Joan,Griffin,1942-03-15,F,USA,New York,Home,2,Yes,Website,84,955054.1799999999,5,Corporate Buyers
C1558,Individual,Tyler,Phillips,1944-03-12,M,Mexico,Baja California,Home,4,No,Website,82,1482069.56,5,Corporate Buyers
C1559,Individual,Sara,Mitchell,1975-03-27,F,UK,England,Home,2,No,Website,51,1345808.87,1,Residential Buyers
C1560,Individual,Christina,Hughes,1940-07-15,F,USA,California,Home,4,Yes,Client,86,1052677.5699999998,5,Corporate Buyers
C1561,Individual,Jeffrey,Green,1964-04-28,M,Mexico,Nuevo Leon,Investment,5,No,Agency,62,1135294.51,5,Corporate Buyers
C1562,Individual,Maria,Morris,1987-07-05,F,USA,California,Home,4,No,Client,39,1179775.32,5,Corporate Buyers
C1563,Individual,Susan,Baker,1987-06-18,F,USA,Utah,Home,5,No,Website,39,979729.05,5,Corporate Buyers
C1564,Individual,Jason,Wood,1964-11-06,M,USA,Washington,Investment,5,No,Website,62,1595925.43,2,First-Time Buyers
C1565,Individual,Kenneth,Bennett,1980-08-08,M,Mexico,Jalisco,Home,4,No,Agency,46,1140899.22,5,Corporate Buyers
C1566,Individual,Anthony,Wilson,1995-01-01,M,USA,California,Home,3,No,Website,31,1450240.65,5,Corporate Buyers
C1567,Individual,Frank,Wilson,1977-10-11,M,USA,Georgia,Home,4,No,Client,49,1594452.6199999999,5,Corporate Buyers
C1568,Individual,Betty,Owens,1990-03-06,F,USA,California,Home,5,No,Website,36,1373808.0899999999,5,Corporate Buyers
C1569,Individual,Pamela,Turner,1993-11-05,F,USA,California,Investment,1,Yes,Website,33,1175242.5499999998,5,Corporate Buyers
C1570,Individual,Amanda,Williams,1963-12-27,F,USA,Ohio,Home,5,No,Website,63,1469638.4,5,Corporate Buyers
C1571,Individual,Ethan,Morales,1978-06-03,M,USA,California,Home,2,No,Website,48,1243439.96,5,Corporate Buyers
C1572,Individual,Donald,Baker,1960-06-10,M,Australia,Queensland,Home,3,No,Agency,66,886149.52,5,Corporate Buyers
C1573,Individual,Amanda,Richardson,1946-05-07,F,USA,California,Home,1,No,Website,80,1175839.94,5,Corporate Buyers
C1574,Individual,Gary,Morris,1984-08-14,M,USA,California,Home,4,No,Website,42,1195224.9,5,Corporate Buyers
C1575,Individual,Paul,Freeman,2000-12-19,M,USA,California,Home,2,No,Website,26,1395067.1600000001,5,Corporate Buyers
C1576,Individual,Heather,Cook,1977-09-28,F,USA,Nevada,Investment,3,Yes,Website,49,1359536.24,0,Global Investors
C1577,Individual,Ethan,Edwards,1983-02-15,M,Germany,Bavaria,Home,3,No,Website,43,1427933.58,1,Residential Buyers
C1578,Individual,Mark,Turner,1996-03-12,M,USA,California,Investment,2,No,Website,30,765431.01,5,Corporate Buyers
C1579,Individual,Robert,Bell,1945-10-03,M,USA,Arizona,Investment,4,No,Website,81,1101753.5899999999,5,Corporate Buyers
C1580,Individual,Jordan,Martin,1997-12-05,M,USA,Georgia,Investment,1,Yes,Website,29,1008834.66,5,Corporate Buyers
C1581,Individual,James,Reyes,1950-11-08,M,USA,California,Investment,1,No,Website,76,1123364.22,5,Corporate Buyers
C1582,Individual,Harold,Baker,1955-08-20,M,France,Ile-de-France,Home,4,Yes,Client,71,1030269.01,1,Residential Buyers
C1583,Individual,Peter,Scott,1968-01-03,M,USA,California,Home,2,No,Agency,58,1378030.61,5,Corporate Buyers
C1584,Company,Nexus,Co,1985-08-12,M,France,Brittany,Investment,1,Yes,Website,41,1199226.44,1,Residential Buyers
C1585,Individual,Kevin,Watson,1960-10-10,M,Canada,Ontario,Home,5,No,Website,66,1480011.91,1,Residential Buyers
C1586,Individual,Carolyn,Roberts,1967-01-21,F,Germany,Berlin,Home,3,No,Website,59,1116579.83,1,Residential Buyers
C1587,Individual,Carl,Cooper,1943-12-02,M,Canada,Quebec,Investment,4,Yes,Agency,83,743057.13,1,Residential Buyers
C1588,Individual,Patricia,Thomas,1980-10-25,F,USA,Utah,Investment,5,No,Website,46,957201.31,5,Corporate Buyers
C1589,Individual,Christina,Ward,1953-08-12,F,USA,California,Investment,4,No,Agency,73,1380536.7000000002,5,Corporate Buyers
C1590,Company,Elara,Co,1979-06-19,F,USA,Oregon,Home,1,No,Website,47,1470403.6,5,Corporate Buyers
C1591,Individual,Christine,Brooks,1971-08-15,F,USA,California,Investment,4,No,Website,55,1676312.98,5,Corporate Buyers
C1592,Individual,Heather,Allen,1975-06-01,F,USA,Texas,Investment,2,Yes,Agency,51,878452.1900000001,5,Corporate Buyers
C1593,Individual,Anthony,Williams,1975-08-05,M,USA,California,Home,1,No,Website,51,825960.49,5,Corporate Buyers
C1594,Individual,Kathleen,Green,1969-10-24,F,USA,Colorado,Home,2,No,Agency,57,1522994.53,5,Corporate Buyers
C1595,Individual,Charles,Reed,1955-08-20,M,USA,California,Home,5,No,Website,71,1310147.8599999999,5,Corporate Buyers
C1596,Individual,Frank,Hall,1979-11-10,M,Germany,Berlin,Investment,4,No,Website,47,1642954.44,1,Residential Buyers
C1597,Individual,Rachel,Cox,1949-12-28,F,USA,Nevada,Investment,4,Yes,Website,77,1155778.2,0,Global Investors
C1598,Individual,Angela,Adams,1940-06-23,F,USA,Georgia,Home,4,Yes,Agency,86,1163931.67,5,Corporate Buyers
C1599,Individual,Stephanie,Thompson,1980-11-19,F,USA,Virginia,Investment,5,Yes,Website,46,1321031.17,5,Corporate Buyers
C1600,Individual,Jennifer,Rogers,1968-02-13,F,Belgium,Wallonia,Home,5,No,Website,58,1237164.36,1,Residential Buyers
C1601,Individual,Tiffany,Parker,1996-08-13,F,Russia,Krasnodar Krai,Home,3,No,Website,30,829078.01,3,Risk-Averse Investors
C1602,Individual,Harold,Turner,1986-11-01,M,USA,Nevada,Investment,4,No,Website,40,1676863.99,0,Global Investors
C1603,Individual,Hannah,Rogers,1962-09-07,F,UK,England,Home,5,No,Website,64,1077719.71,1,Residential Buyers
C1604,Individual,Ronald,Kim,1949-09-10,M,USA,Texas,Home,4,No,Website,77,1050264.24,5,Corporate Buyers
C1605,Individual,Joshua,Collins,1999-01-21,M,UK,England,Investment,4,Yes,Website,27,1170783.34,1,Residential Buyers
C1606,Individual,Zachary,Howard,1965-03-20,M,USA,Washington,Home,1,Yes,Agency,61,917562.71,2,First-Time Buyers
C1607,Individual,Emma,Hall,1963-03-11,F,USA,California,Home,3,No,Agency,63,829294.5700000001,5,Corporate Buyers
C1608,Individual,Heather,Pierce,1999-11-14,F,UK,England,Home,4,Yes,Website,27,1431381.65,1,Residential Buyers
C1609,Individual,Justin,Reed,1964-10-02,M,USA,California,Investment,2,No,Website,62,804844.43,5,Corporate Buyers
C1610,Individual,Kenneth,White,1967-03-23,M,USA,California,Investment,3,No,Website,59,1249167.74,5,Corporate Buyers
C1611,Individual,Sarah,Bryant,1975-09-02,F,USA,Nevada,Investment,4,No,Website,51,1072189.52,0,Global Investors
C1612,Individual,Jason,Price,1990-02-25,M,USA,California,Home,1,No,Agency,36,766554.56,5,Corporate Buyers
C1613,Individual,Ryan,Griffin,1998-01-08,M,Denmark,Southern Denmark,Home,2,Yes,Agency,28,1608368.22,1,Residential Buyers
C1614,Individual,Julie,Williams,1968-05-16,F,USA,Utah,Investment,4,No,Website,58,822155.05,5,Corporate Buyers
C1615,Individual,Jason,Mitchell,1963-08-01,M,USA,Utah,Home,5,No,Agency,63,857125.52,5,Corporate Buyers
C1616,Individual,Aaron,Nelson,1991-09-01,M,UK,Wales,Investment,5,Yes,Website,35,1344053.71,1,Residential Buyers
C1617,Individual,Michelle,Baker,1952-10-09,F,USA,California,Home,3,No,Website,74,776005.5,5,Corporate Buyers
C1618,Individual,Linda,Price,1962-11-22,F,USA,Washington,Home,2,Yes,Website,64,1356655.6800000002,2,First-Time Buyers
C1619,Individual,Jason,Baker,1952-10-24,M,Belgium,Wallonia,Home,2,No,Website,74,1390206.46,1,Residential Buyers
C1620,Individual,Jacob,Morales,1944-05-07,M,USA,California,Home,1,Yes,Website,82,788250.3500000001,5,Corporate Buyers
C1621,Individual,Carl,Wood,1954-06-15,M,USA,Oregon,Investment,2,No,Agency,72,739739.97,5,Corporate Buyers
C1622,Individual,Angela,Taylor,1961-02-01,F,USA,Oregon,Home,1,Yes,Website,65,1054193.3599999999,5,Corporate Buyers
C1623,Individual,Julia,Hall,1994-01-12,F,USA,Oregon,Home,4,No,Website,32,1060233.46,5,Corporate Buyers
C1624,Individual,Jennifer,Stewart,1951-01-04,F,USA,California,Home,4,Yes,Website,75,1943363.94,5,Corporate Buyers
C1625,Individual,Harold,Wright,2000-02-03,M,Australia,Western Australia,Home,4,No,Agency,26,910587.85,1,Residential Buyers
C1626,Individual,Jennifer,Morales,1970-02-24,F,France,Provence,Home,2,Yes,Website,56,1225657.22,1,Residential Buyers
C1627,Individual,David,Bryant,1973-08-14,M,USA,California,Investment,1,No,Website,53,1275226.77,5,Corporate Buyers
C1628,Company,Lumina,Co,1993-10-13,F,France,Normandy,Home,4,Yes,Website,33,800299.08,1,Residential Buyers
C1629,Individual,Stephanie,Roberts,1956-08-26,F,USA,Utah,Home,5,No,Agency,70,789150.05,5,Corporate Buyers
C1630,Company,Grandis,Co,1994-05-06,F,USA,Virginia,Investment,1,Yes,Website,32,1206881.92,5,Corporate Buyers
C1631,Individual,Joan,Patterson,1966-03-12,F,UK,Northern Ireland,Home,5,No,Website,60,1683720.2,1,Residential Buyers
C1632,Individual,Victoria,Wright,1963-07-12,F,USA,California,Investment,3,Yes,Agency,63,1425130.6800000002,5,Corporate Buyers
C1633,Individual,Sara,Bennett,1977-07-03,F,Canada,Ontario,Home,2,No,Website,49,847190.3300000001,1,Residential Buyers
C1634,Individual,Sara,King,1944-01-11,F,USA,Georgia,Investment,2,No,Website,82,1044217.01,5,Corporate Buyers
C1635,Individual,Lawrence,Moore,1948-04-27,M,France,Brittany,Home,1,No,Website,78,1104480.44,1,Residential Buyers
C1636,Company,Zynex,Co,1987-01-10,F,USA,Arizona,Home,5,Yes,Website,39,1171439.72,5,Corporate Buyers
C1637,Individual,Jacob,Cook,1969-02-11,M,Mexico,Nuevo Leon,Home,5,No,Agency,57,1333020.46,5,Corporate Buyers
C1638,Individual,Cynthia,Peterson,1978-12-14,F,France,Occitanie,Investment,1,Yes,Agency,48,1047895.71,1,Residential Buyers
C1639,Individual,Ronald,Smith,1943-09-26,M,USA,Colorado,Home,1,No,Website,83,1088561.44,5,Corporate Buyers
C1640,Individual,Helen,Adams,1966-11-04,F,USA,California,Home,1,Yes,Website,60,1172146.65,5,Corporate Buyers
C1641,Individual,Charles,Phillips,1972-02-14,M,USA,Utah,Home,1,No,Agency,54,1898878.08,5,Corporate Buyers
C1642,Individual,Maria,Adams,1981-07-20,F,Canada,British Columbia,Home,5,No,Website,45,1441785.62,1,Residential Buyers
C1643,Individual,Carl,Rogers,1978-01-09,M,France,Ile-de-France,Home,4,No,Agency,48,1182889.92,1,Residential Buyers
C1644,Individual,Megan,Freeman,1944-06-22,F,USA,California,Home,1,No,Client,82,1312822.17,5,Corporate Buyers
C1645,Individual,Shirley,Chavez,1995-02-08,F,Australia,New South Wales,Investment,1,No,Website,31,1503973.21,1,Residential Buyers
C1646,Individual,Billy,Patterson,1998-06-10,M,USA,Washington,Investment,4,Yes,Agency,28,972186.46,2,First-Time Buyers
C1647,Individual,Paul,Stone,1945-11-25,M,USA,Ohio,Home,4,Yes,Agency,81,1316368.95,5,Corporate Buyers
C1648,Individual,Julia,Wood,1949-09-21,F,Australia,New South Wales,Home,3,No,Website,77,1282946.7,1,Residential Buyers
C1649,Individual,Melissa,Price,1982-03-02,F,USA,Oregon,Home,4,Yes,Agency,44,1540887.81,5,Corporate Buyers
C1650,Individual,Edward,Griffin,1969-04-01,M,USA,Washington,Investment,2,No,Website,57,1065238.5,2,First-Time Buyers
C1651,Individual,Ryan,Bell,1945-11-19,M,USA,California,Investment,4,No,Website,81,962066.4199999999,5,Corporate Buyers
C1652,Individual,Paul,Weaver,1964-01-15,M,USA,Nevada,Investment,4,Yes,Client,62,1078933.8,0,Global Investors
C1653,Individual,Sara,White,1974-08-02,F,USA,Colorado,Investment,4,Yes,Website,52,957106.48,5,Corporate Buyers
C1654,Individual,Judith,Brooks,1968-04-05,F,USA,California,Home,1,No,Website,58,1250065.3800000001,5,Corporate Buyers
C1655,Individual,Sara,Cox,1965-05-16,F,USA,Texas,Investment,2,No,Website,61,974749.8,5,Corporate Buyers
C1656,Individual,Jacob,Baker,1991-05-05,M,Belgium,Wallonia,Investment,4,Yes,Website,35,1401657.84,1,Residential Buyers
C1657,Individual,Donald,Kim,1958-05-19,M,USA,California,Home,2,No,Website,68,1316624.69,5,Corporate Buyers
C1658,Individual,Ronald,Patterson,1970-08-07,M,USA,California,Home,5,No,Agency,56,1243178.6,5,Corporate Buyers
C1659,Individual,Joshua,Thompson,1946-09-05,M,Denmark,Zealand,Home,4,No,Website,80,1576416.87,1,Residential Buyers
C1660,Individual,Henry,Richardson,1940-04-27,M,USA,Nevada,Home,4,Yes,Website,86,1330046.48,0,Global Investors
C1661,Individual,Ronald,Cox,1975-08-20,M,USA,Washington,Home,4,No,Agency,51,1511063.27,2,First-Time Buyers
C1662,Individual,Gary,Montgomery,1967-05-16,M,Russia,Tatarstan,Home,4,No,Website,59,1505862.74,1,Residential Buyers
C1663,Individual,Joshua,Garcia,1977-05-13,M,USA,Colorado,Investment,3,No,Agency,49,926064.21,5,Corporate Buyers
C1664,Individual,Judith,Hayes,1969-07-25,F,France,Occitanie,Investment,5,No,Agency,57,1390001.73,1,Residential Buyers
C1665,Individual,Harold,Bell,1995-12-16,M,USA,Arizona,Home,5,No,Website,31,966971.19,5,Corporate Buyers
C1666,Individual,Brenda,Edwards,1962-09-08,F,USA,Ohio,Home,2,No,Website,64,706503.5900000001,5,Corporate Buyers
C1667,Individual,Stephanie,Cook,1967-11-14,F,USA,California,Investment,4,No,Agency,59,831811.52,5,Corporate Buyers
C1668,Individual,Scott,Green,1957-11-12,M,Australia,Victoria,Home,5,No,Website,69,1046863.21,1,Residential Buyers
C1669,Individual,Steven,Collins,1960-04-07,M,Canada,Alberta,Investment,3,Yes,Agency,66,948271.3400000001,1,Residential Buyers
C1670,Individual,Angela,Watson,1970-12-09,F,USA,Colorado,Home,3,Yes,Website,56,1356021.03,5,Corporate Buyers
C1671,Individual,Ashley,Howard,1948-09-13,F,USA,California,Home,3,No,Agency,78,1329236.75,5,Corporate Buyers
C1672,Individual,Jacqueline,Morales,1974-04-09,F,USA,Nevada,Investment,4,No,Website,52,728363.1699999999,0,Global Investors
C1673,Individual,Katherine,Martin,1992-03-04,F,USA,Washington,Home,1,Yes,Website,34,1803634.76,2,First-Time Buyers
C1674,Individual,Emily,Jackson,1941-12-22,F,USA,California,Home,5,Yes,Website,85,1614623.53,5,Corporate Buyers
C1675,Individual,Emma,Reyes,1985-04-08,F,Canada,Alberta,Investment,5,No,Website,41,918037.6799999999,1,Residential Buyers
C1676,Individual,Amy,Allen,1999-09-19,F,USA,Washington,Home,2,No,Website,27,1251637.0,2,First-Time Buyers
C1677,Individual,Kevin,Thomas,1964-12-20,M,USA,Texas,Home,1,Yes,Website,62,942915.1799999999,5,Corporate Buyers
C1678,Individual,Gary,Sanders,1961-03-06,M,USA,California,Home,1,Yes,Agency,65,1377654.29,5,Corporate Buyers
C1679,Individual,Christina,Nelson,1986-02-28,F,USA,Nevada,Investment,4,No,Website,40,1194618.9,0,Global Investors
C1680,Individual,Danielle,Howard,1999-09-25,F,USA,California,Investment,4,No,Agency,27,665078.77,5,Corporate Buyers
C1681,Individual,Carl,Alexander,1961-07-27,M,USA,Oregon,Home,3,Yes,Client,65,1408304.94,5,Corporate Buyers
C1682,Individual,Amanda,Brooks,1987-04-11,F,USA,Nevada,Home,2,No,Website,39,1469905.41,0,Global Investors
C1683,Individual,Amber,Patterson,1999-11-19,F,USA,Oregon,Investment,1,No,Client,27,1410114.6,5,Corporate Buyers
C1684,Individual,Grace,Cooper,1977-07-01,F,USA,Colorado,Investment,4,No,Website,49,1109440.17,5,Corporate Buyers
C1685,Individual,Kathleen,Parker,1977-05-16,F,USA,California,Home,5,No,Agency,49,1109623.75,5,Corporate Buyers
C1686,Individual,David,Howard,1977-01-25,M,USA,California,Investment,2,Yes,Agency,49,1214377.82,5,Corporate Buyers
C1687,Individual,Eric,Anderson,1967-05-15,M,USA,California,Home,4,Yes,Website,59,1026117.62,5,Corporate Buyers
C1688,Individual,Amanda,Flores,1996-04-28,F,USA,Oregon,Home,5,No,Client,30,1314384.27,5,Corporate Buyers
C1689,Individual,Virginia,King,1985-01-26,F,USA,Oregon,Investment,1,Yes,Client,41,896100.8,5,Corporate Buyers
C1690,Individual,Terry,Martin,1951-08-18,M,Denmark,North Denmark,Home,2,Yes,Agency,75,1662639.06,1,Residential Buyers
C1691,Individual,Robert,Reed,1946-03-25,M,USA,Arizona,Home,5,No,Website,80,1212731.6,5,Corporate Buyers
C1692,Individual,Joseph,Patterson,1991-03-08,M,Canada,Ontario,Home,5,Yes,Agency,35,1165619.9100000001,1,Residential Buyers
C1693,Individual,Donald,Turner,1990-11-20,M,Belgium,Flanders,Home,1,No,Website,36,1557035.08,1,Residential Buyers
C1694,Individual,Gloria,Foster,1957-07-18,F,USA,Virginia,Home,5,No,Agency,69,1457395.73,5,Corporate Buyers
C1695,Individual,Tiffany,Peterson,1955-12-13,F,Belgium,Flanders,Home,5,No,Website,71,975866.19,1,Residential Buyers
C1696,Individual,Emily,Jones,1987-02-20,F,USA,Florida,Home,1,No,Website,39,1316025.35,5,Corporate Buyers
C1697,Individual,Maria,Brown,1980-08-07,F,Belgium,Brussels,Home,2,No,Client,46,802813.26,1,Residential Buyers
C1698,Individual,Zachary,Stone,1950-12-05,M,UK,Northern Ireland,Home,4,Yes,Website,76,764529.97,1,Residential Buyers
C1699,Individual,Peter,Phillips,1969-07-15,M,Australia,Western Australia,Home,3,Yes,Agency,57,1161971.24,1,Residential Buyers
C1700,Individual,Nicholas,Young,1943-11-04,M,USA,Nevada,Home,3,No,Website,83,1293648.37,0,Global Investors
C1701,Individual,Karen,Montgomery,1982-06-27,F,USA,Arizona,Home,1,No,Website,44,916043.72,5,Corporate Buyers
C1702,Individual,Frank,Alexander,1990-01-04,M,USA,Washington,Investment,5,Yes,Website,36,1259181.49,2,First-Time Buyers
C1703,Individual,Gerald,Cox,1999-08-13,M,USA,Texas,Investment,4,No,Agency,27,868665.77,5,Corporate Buyers
C1704,Individual,Susan,Flores,1963-02-15,F,Denmark,Capital Region,Home,4,No,Agency,63,1131490.6400000001,4,Luxury Investors
C1705,Individual,Kenneth,Howard,1979-11-23,M,USA,Virginia,Investment,3,Yes,Website,47,1031987.6799999999,5,Corporate Buyers
C1706,Individual,Matthew,Jordan,1976-05-13,M,USA,California,Home,3,Yes,Website,50,1417221.48,5,Corporate Buyers
C1707,Individual,Adam,Allen,1973-09-19,M,USA,Georgia,Home,1,Yes,Website,53,770609.62,5,Corporate Buyers
C1708,Individual,Andrea,Wilson,1986-08-06,F,Germany,Hesse,Home,1,Yes,Agency,40,854426.52,1,Residential Buyers
C1709,Individual,Danielle,Cox,1946-08-09,F,USA,Arizona,Investment,3,No,Agency,80,1336416.1600000001,5,Corporate Buyers
C1710,Individual,Joe,Flores,1957-05-26,M,Canada,Alberta,Investment,2,Yes,Website,69,1027918.12,1,Residential Buyers
C1711,Individual,Debra,Hayes,1981-08-24,F,USA,California,Investment,3,Yes,Website,45,1015613.11,5,Corporate Buyers
C1712,Individual,Ryan,Turner,1971-03-04,M,France,Occitanie,Home,5,No,Website,55,1280242.15,1,Residential Buyers
C1713,Individual,Julia,Cook,1981-02-08,F,USA,Oregon,Home,1,No,Website,45,1401670.4500000002,5,Corporate Buyers
C1714,Individual,Nathan,Brooks,1948-07-05,M,USA,Colorado,Home,3,No,Website,78,1054289.58,5,Corporate Buyers
C1715,Individual,Hannah,Watson,1963-04-13,F,USA,Florida,Home,3,Yes,Agency,63,987214.1799999999,5,Corporate Buyers
C1716,Individual,Michelle,Montgomery,1980-10-13,F,USA,California,Home,1,No,Website,46,1027286.48,5,Corporate Buyers
C1717,Individual,Martha,Thomas,1941-12-21,F,USA,California,Home,4,Yes,Website,85,915606.0700000001,5,Corporate Buyers
C1718,Individual,Janet,Peterson,1995-01-06,F,USA,California,Home,1,No,Website,31,1362121.47,5,Corporate Buyers
C1719,Company,Halcyon,Co,1960-05-10,M,USA,Florida,Home,2,No,Agency,66,1178759.88,5,Corporate Buyers
C1720,Individual,Danielle,Kim,1996-10-10,F,USA,California,Home,5,Yes,Website,30,1396671.77,5,Corporate Buyers
C1721,Individual,Carl,Weaver,1986-12-10,M,USA,Nevada,Home,2,No,Agency,40,1282729.71,0,Global Investors
C1722,Individual,Jacqueline,Morris,1982-11-23,F,USA,Nevada,Home,3,No,Website,44,1676365.72,0,Global Investors
C1723,Individual,Carol,Allen,1998-02-02,F,Canada,Quebec,Home,2,Yes,Agency,28,1084602.42,1,Residential Buyers
C1724,Individual,Justin,Cook,1956-06-19,M,USA,Virginia,Home,4,No,Website,70,1646338.3599999999,5,Corporate Buyers
C1725,Individual,Sharon,Patterson,1959-01-12,F,USA,Nevada,Home,3,Yes,Website,67,1352500.23,0,Global Investors
C1726,Individual,Diane,Scott,1948-08-15,F,UK,Northern Ireland,Home,3,No,Website,78,1141107.24,1,Residential Buyers
C1727,Individual,Katherine,Morales,1945-12-06,F,USA,New York,Home,3,No,Website,81,1563834.42,5,Corporate Buyers
C1728,Individual,Kimberly,Garcia,1944-03-08,F,USA,Oregon,Home,3,Yes,Client,82,1436312.58,5,Corporate Buyers
C1729,Individual,Robert,Richardson,1955-06-26,M,Canada,British Columbia,Home,3,Yes,Website,71,956356.54,1,Residential Buyers
C1730,Individual,Jeffrey,Young,1979-11-22,M,Mexico,Puebla,Investment,5,Yes,Agency,47,796432.48,1,Residential Buyers
C1731,Individual,Nathan,Garcia,1971-12-19,M,USA,California,Home,4,Yes,Website,55,1172220.1099999999,5,Corporate Buyers
C1732,Individual,Megan,Wilson,1970-07-15,F,Canada,Alberta,Investment,2,No,Agency,56,1551003.8399999999,1,Residential Buyers
C1733,Individual,Helen,Jones,1948-04-22,F,USA,California,Home,3,Yes,Agency,78,1179975.09,5,Corporate Buyers
C1734,Individual,Zachary,Roberts,1975-01-14,M,USA,California,Home,5,No,Website,51,1078504.94,5,Corporate Buyers
C1735,Individual,Amber,Miller,1969-10-07,F,USA,Utah,Investment,3,No,Website,57,1139995.98,5,Corporate Buyers
C1736,Individual,Ann,Cook,1989-09-21,F,USA,California,Investment,4,Yes,Website,37,1482243.88,5,Corporate Buyers
C1737,Individual,Jennifer,Jackson,1992-12-24,F,USA,California,Investment,3,No,Website,34,1060946.57,5,Corporate Buyers
C1738,Individual,Sharon,Hall,1977-02-25,F,USA,California,Home,5,No,Website,49,861195.69,5,Corporate Buyers
C1739,Individual,Steven,Smith,1985-02-25,M,Russia,Novosibirsk,Investment,3,Yes,Website,41,998344.48,1,Residential Buyers
C1740,Individual,Ashley,Alexander,1951-09-15,F,USA,California,Home,5,Yes,Website,75,1439013.3399999999,5,Corporate Buyers
C1741,Individual,Alexander,Wright,1976-04-18,M,USA,Virginia,Home,5,No,Website,50,1310713.04,5,Corporate Buyers
C1742,Company,Crestwood,Co,1988-08-14,F,USA,California,Home,5,No,Agency,38,1177856.21,5,Corporate Buyers
C1743,Individual,Linda,Bell,1946-07-26,F,Belgium,Flanders,Home,1,No,Client,80,839069.28,1,Residential Buyers
C1744,Individual,Brian,Green,1961-11-16,M,Russia,Krasnodar Krai,Investment,1,No,Website,65,1320002.42,3,Risk-Averse Investors
C1745,Individual,Ann,Sanders,1976-06-21,F,USA,California,Home,1,No,Website,50,1261495.5,5,Corporate Buyers
C1746,Individual,Jennifer,Cox,1959-06-14,F,Belgium,Flanders,Home,3,No,Website,67,793835.85,1,Residential Buyers
C1747,Individual,Bryan,Flores,1965-02-19,M,USA,Colorado,Home,5,No,Client,61,1016661.44,5,Corporate Buyers
C1748,Individual,Albert,Jones,1950-11-11,M,USA,California,Home,4,Yes,Website,76,1112272.46,5,Corporate Buyers
C1749,Individual,Brandon,Moore,1956-05-27,M,USA,California,Home,3,No,Website,70,832665.62,5,Corporate Buyers
C1750,Company,Stratos,Co,1991-01-12,M,USA,Colorado,Home,3,No,Website,35,1497163.73,5,Corporate Buyers
C1751,Individual,Christine,Scott,1955-02-28,F,USA,Ohio,Home,5,No,Website,71,873120.47,5,Corporate Buyers
C1752,Individual,Jonathan,Cook,1980-02-06,M,USA,California,Investment,1,Yes,Website,46,1119600.47,5,Corporate Buyers
C1753,Individual,Arthur,Peterson,1945-12-18,M,USA,Georgia,Investment,3,Yes,Website,81,770077.48,5,Corporate Buyers
C1754,Individual,Frank,Gray,1995-11-11,M,USA,Virginia,Home,2,Yes,Website,31,1361555.24,5,Corporate Buyers
C1755,Individual,Mark,Griffin,1998-08-26,M,USA,Nevada,Home,1,Yes,Website,28,672116.9199999999,0,Global Investors
C1756,Individual,Daniel,Cook,1990-03-21,M,USA,Utah,Home,1,No,Website,36,1481404.3900000001,5,Corporate Buyers
C1757,Individual,Brian,Hayes,1985-07-01,M,Germany,Bavaria,Home,3,No,Client,41,1125366.62,1,Residential Buyers
C1758,Individual,Carl,Pierce,1985-01-14,M,USA,Oregon,Investment,4,Yes,Agency,41,1006481.1799999999,5,Corporate Buyers
C1759,Individual,Jose,Stone,1974-10-10,M,USA,California,Investment,1,No,Website,52,1031917.22,5,Corporate Buyers
C1760,Individual,Mary,Harris,1975-10-07,F,Belgium,Brussels,Home,2,No,Website,51,1454358.32,1,Residential Buyers
C1761,Individual,Nicholas,Thompson,1955-01-08,M,USA,Washington,Home,1,No,Website,71,1181772.43,2,First-Time Buyers
C1762,Individual,Larry,Harris,1964-01-21,M,USA,Virginia,Home,1,No,Website,62,1023352.22,5,Corporate Buyers
C1763,Individual,Kimberly,Young,1954-11-26,F,USA,New York,Home,3,No,Website,72,1789381.67,5,Corporate Buyers
C1764,Individual,Kelly,Baker,1946-11-05,F,USA,Nevada,Home,2,No,Agency,80,1668335.18,0,Global Investors
C1765,Individual,Pamela,Reyes,1997-05-01,F,USA,Colorado,Home,1,Yes,Client,29,1734167.51,5,Corporate Buyers
C1766,Individual,Sharon,Bennett,1993-05-05,F,USA,California,Home,4,No,Website,33,1371247.08,5,Corporate Buyers
C1767,Individual,Joe,Sanders,1978-05-21,M,USA,Colorado,Home,3,No,Website,48,1455838.9100000001,5,Corporate Buyers
C1768,Individual,Cynthia,Hughes,1943-03-01,F,Russia,Saint Petersburg,Home,4,No,Website,83,985105.21,1,Residential Buyers
C1769,Company,Forsyte,Co,1985-10-22,M,USA,Oregon,Home,1,Yes,Client,41,985909.0,5,Corporate Buyers
C1770,Individual,Betty,Parker,1945-11-17,F,USA,Washington,Home,1,Yes,Agency,81,1334771.42,2,First-Time Buyers
C1771,Company,Atlas,Co,1975-06-22,M,USA,Georgia,Home,3,Yes,Client,51,1280895.97,5,Corporate Buyers
C1772,Company,Forsyte,Co,1975-01-13,F,Canada,Alberta,Investment,5,Yes,Agency,51,1105281.92,1,Residential Buyers
C1773,Individual,Kenneth,Williams,1980-12-25,M,USA,Nevada,Investment,3,Yes,Agency,46,1284141.19,0,Global Investors
C1774,Individual,Frank,James,1984-12-26,M,USA,Oregon,Home,4,No,Agency,42,1169335.49,5,Corporate Buyers
C1775,Individual,Betty,Howard,1970-10-07,F,USA,California,Home,3,No,Agency,56,1414776.99,5,Corporate Buyers
C1776,Individual,Martha,Mitchell,1973-09-01,F,France,Occitanie,Home,1,No,Website,53,1071718.4,1,Residential Buyers
C1777,Individual,Jason,Long,1974-09-24,M,USA,California,Investment,5,No,Client,52,784629.95,5,Corporate Buyers
C1778,Individual,Jeffrey,Cox,1994-01-09,M,USA,Georgia,Investment,4,Yes,Website,32,1216664.8199999998,5,Corporate Buyers
C1779,Individual,Sharon,Thomas,1979-04-20,F,USA,California,Home,5,No,Client,47,1563236.5499999998,5,Corporate Buyers
C1780,Individual,Richard,Patterson,1956-05-18,M,USA,Utah,Investment,1,No,Website,70,1735557.1500000001,5,Corporate Buyers
C1781,Individual,Betty,Thomas,1968-10-08,F,USA,California,Home,4,No,Website,58,1383316.42,5,Corporate Buyers
C1782,Individual,Ann,King,1999-12-04,F,UK,England,Investment,1,No,Website,27,897646.55,1,Residential Buyers
C1783,Individual,Jacob,Garcia,1954-03-07,M,USA,California,Home,3,No,Website,72,1136482.92,5,Corporate Buyers
C1784,Individual,Albert,Moore,1998-02-24,M,Australia,Western Australia,Home,3,No,Client,28,1352274.53,1,Residential Buyers
C1785,Individual,Lauren,Allen,1956-02-27,F,USA,Colorado,Home,1,Yes,Website,70,1006568.23,5,Corporate Buyers
C1786,Individual,Adam,White,1995-03-07,M,USA,California,Home,1,No,Website,31,1247095.22,5,Corporate Buyers
C1787,Individual,Stephen,Flores,1955-09-22,M,USA,Georgia,Investment,5,No,Agency,71,1289585.42,5,Corporate Buyers
C1788,Individual,Zachary,James,1989-10-27,M,USA,California,Home,3,No,Website,37,1116876.81,5,Corporate Buyers
C1789,Individual,Edward,Brooks,1982-07-25,M,USA,Colorado,Home,5,Yes,Agency,44,1359605.1,5,Corporate Buyers
C1790,Individual,Jacob,Hansen,1940-02-18,M,USA,Nevada,Investment,5,No,Client,86,1335521.08,0,Global Investors
C1791,Individual,Gerald,Scott,1966-04-26,M,USA,California,Home,5,No,Agency,60,894512.8,5,Corporate Buyers
C1792,Individual,Terry,Pierce,1995-06-17,M,USA,California,Home,3,No,Agency,31,1948563.24,5,Corporate Buyers
C1793,Individual,Richard,James,1969-04-05,M,USA,Utah,Investment,1,No,Website,57,1317525.03,5,Corporate Buyers
C1794,Individual,Douglas,Chavez,1995-12-25,M,USA,Colorado,Home,3,No,Website,31,1378476.06,5,Corporate Buyers
C1795,Individual,William,Brown,1945-12-01,M,USA,California,Home,5,Yes,Website,81,1058019.94,5,Corporate Buyers
C1796,Individual,Betty,Hughes,1950-09-21,F,USA,California,Investment,5,Yes,Client,76,1158919.94,5,Corporate Buyers
C1797,Individual,Katherine,Howard,1957-02-26,F,USA,Oregon,Home,3,Yes,Website,69,910545.9199999999,5,Corporate Buyers
C1798,Individual,Bryan,Peterson,1966-08-10,M,USA,Arizona,Investment,1,Yes,Website,60,1601121.79,5,Corporate Buyers
C1799,Individual,Cheryl,Freeman,1950-01-11,F,USA,Colorado,Home,5,No,Agency,76,1022792.49,5,Corporate Buyers
C1800,Individual,James,Campbell,1944-04-13,M,USA,Oregon,Home,1,No,Client,82,1120963.1,5,Corporate Buyers
C1801,Individual,Jose,Howard,1964-02-08,M,USA,California,Home,5,Yes,Website,62,1473065.73,5,Corporate Buyers
C1802,Individual,Jack,Morris,1948-03-26,M,USA,Nevada,Investment,1,No,Client,78,1155979.49,0,Global Investors
C1803,Individual,Susan,Bennett,1987-04-14,F,Canada,Quebec,Investment,5,No,Agency,39,1329728.19,1,Residential Buyers
C1804,Individual,Albert,Kim,1989-03-03,M,USA,California,Home,1,No,Website,37,1735376.55,5,Corporate Buyers
C1805,Individual,Austin,Kim,1953-01-09,M,UK,Northern Ireland,Investment,3,No,Website,73,1871670.17,1,Residential Buyers
C1806,Individual,Martha,Turner,1967-04-13,F,Australia,New South Wales,Investment,2,No,Agency,59,974821.86,1,Residential Buyers
C1807,Individual,Angela,Allen,1957-02-05,F,France,Brittany,Home,5,No,Website,69,1520931.78,1,Residential Buyers
C1808,Individual,Victoria,Stewart,1990-01-08,F,USA,Washington,Investment,2,No,Client,36,1102931.4500000002,2,First-Time Buyers
C1809,Individual,Laura,White,1981-05-03,F,USA,New York,Home,4,Yes,Agency,45,1221253.05,5,Corporate Buyers
C1810,Individual,Maria,Collins,1945-01-06,F,USA,Texas,Home,3,No,Agency,81,991862.87,5,Corporate Buyers
C1811,Individual,Stephanie,Williams,1958-02-16,F,USA,California,Home,3,Yes,Agency,68,1189519.9,5,Corporate Buyers
C1812,Individual,Ryan,White,1977-04-18,M,France,Provence,Home,5,Yes,Website,49,1080880.0,1,Residential Buyers
C1813,Individual,Walter,Jordan,1947-12-02,M,Germany,Hamburg,Investment,3,Yes,Website,79,1552316.39,1,Residential Buyers
C1814,Individual,Scott,Roberts,1987-04-07,M,Denmark,North Denmark,Home,2,No,Website,39,1303261.99,1,Residential Buyers
C1815,Individual,Aaron,Carter,1949-03-26,M,USA,California,Home,5,No,Agency,77,1182628.3,5,Corporate Buyers
C1816,Individual,Sean,Miller,1962-04-08,M,Canada,Quebec,Home,2,No,Website,64,1078876.87,1,Residential Buyers
C1817,Individual,Cynthia,Garcia,1944-07-28,F,USA,Virginia,Home,1,No,Agency,82,1240667.65,5,Corporate Buyers
C1818,Individual,Christine,Wood,1994-08-17,F,USA,Washington,Investment,5,Yes,Website,32,814797.06,2,First-Time Buyers
C1819,Individual,William,Brown,1963-02-11,M,Russia,Krasnodar Krai,Home,1,No,Website,63,1067644.33,3,Risk-Averse Investors
C1820,Individual,Nicholas,Howard,1979-08-21,M,France,Provence,Home,3,No,Website,47,970434.94,1,Residential Buyers
C1821,Individual,Adam,Smith,1944-10-22,M,USA,Nevada,Home,5,No,Website,82,1733692.6199999999,0,Global Investors
C1822,Individual,Frank,Weaver,1996-02-28,M,USA,Oregon,Investment,5,Yes,Website,30,1388147.75,5,Corporate Buyers
C1823,Individual,Jacob,Watson,1967-08-11,M,USA,Oregon,Home,4,Yes,Website,59,993925.86,5,Corporate Buyers
C1824,Individual,Jeffrey,Weaver,1962-09-05,M,USA,California,Home,3,No,Website,64,945036.97,5,Corporate Buyers
C1825,Individual,Eric,Jones,1956-12-28,M,Mexico,Nuevo Leon,Home,2,No,Agency,70,948769.9299999999,5,Corporate Buyers
C1826,Individual,Jack,Williams,1951-06-08,M,USA,Ohio,Home,4,No,Client,75,1300035.21,5,Corporate Buyers
C1827,Individual,Donald,Thompson,1973-01-02,M,USA,New York,Home,5,Yes,Website,53,1221529.77,5,Corporate Buyers
C1828,Individual,William,Wood,1991-11-15,M,USA,California,Investment,2,Yes,Website,35,1199213.25,5,Corporate Buyers
C1829,Individual,Rachel,Ward,1997-07-17,F,USA,California,Home,5,Yes,Agency,29,1194095.83,5,Corporate Buyers
C1830,Individual,Virginia,Owens,1959-03-20,F,USA,Arizona,Home,3,No,Website,67,1363309.64,5,Corporate Buyers
C1831,Individual,Janice,Smith,1950-09-15,F,Russia,Tatarstan,Home,3,No,Website,76,1004720.27,1,Residential Buyers
C1832,Individual,Henry,Garcia,1987-04-21,M,USA,Oregon,Investment,1,Yes,Website,39,1282390.94,5,Corporate Buyers
C1833,Individual,Jennifer,Weaver,1948-01-17,F,USA,Arizona,Investment,1,Yes,Website,78,1132086.83,5,Corporate Buyers
C1834,Individual,Zachary,Phillips,1963-03-13,M,Belgium,Flanders,Investment,5,No,Agency,63,1222274.5999999999,1,Residential Buyers
C1835,Individual,Nicole,Pierce,1959-10-25,F,Canada,Alberta,Investment,4,Yes,Agency,67,739211.6,1,Residential Buyers
C1836,Individual,Judy,Wood,1960-10-08,F,USA,California,Investment,1,Yes,Website,66,1213775.31,5,Corporate Buyers
C1837,Individual,Julia,Freeman,1950-04-06,F,USA,California,Home,2,Yes,Client,76,1507583.69,5,Corporate Buyers
C1838,Individual,Joyce,Morales,1965-01-14,F,Canada,Alberta,Investment,1,No,Agency,61,1266344.58,1,Residential Buyers
C1839,Individual,Kyle,Gray,1943-01-21,M,USA,California,Investment,2,No,Agency,83,967894.54,5,Corporate Buyers
C1840,Individual,Gerald,Weaver,1986-06-22,M,UK,England,Investment,3,No,Website,40,911506.03,1,Residential Buyers
C1841,Individual,Austin,Williams,1947-05-27,M,USA,New York,Home,4,No,Website,79,1612088.13,5,Corporate Buyers
C1842,Company,Rexon,Co,1978-10-08,M,Canada,Alberta,Home,3,Yes,Agency,48,1252827.37,1,Residential Buyers
C1843,Individual,Jose,Stone,1952-06-18,M,Germany,Hesse,Home,4,No,Website,74,1487849.65,1,Residential Buyers
C1844,Individual,Grace,Howard,1978-07-21,F,USA,Ohio,Home,1,No,Agency,48,1033138.51,5,Corporate Buyers
C1845,Individual,Joshua,Green,1949-09-11,M,USA,California,Investment,1,Yes,Website,77,889124.6799999999,5,Corporate Buyers
C1846,Individual,Sara,Allen,1985-10-26,F,Russia,Novosibirsk,Home,5,Yes,Agency,41,886017.55,1,Residential Buyers
C1847,Individual,Brian,Griffin,1952-04-01,M,USA,Utah,Home,4,No,Website,74,1080850.85,5,Corporate Buyers
C1848,Individual,Sarah,Davis,1993-07-17,F,USA,California,Home,2,No,Website,33,1595352.82,5,Corporate Buyers
C1849,Individual,Joseph,Wilson,1976-09-02,M,Canada,Alberta,Investment,3,Yes,Website,50,1019239.08,1,Residential Buyers
C1850,Individual,Gregory,Miller,1971-07-25,M,USA,New York,Investment,5,Yes,Agency,55,1380990.75,5,Corporate Buyers
C1851,Individual,Kimberly,Miller,1954-06-08,F,UK,England,Home,3,Yes,Agency,72,1552543.97,1,Residential Buyers
C1852,Individual,Julie,Hall,1997-12-15,F,USA,Virginia,Home,4,No,Website,29,1674072.07,5,Corporate Buyers
C1853,Individual,Jennifer,Owens,1949-02-24,F,USA,Virginia,Investment,4,No,Website,77,1207329.15,5,Corporate Buyers
C1854,Company,Rexon,Co,1960-03-23,M,France,Ile-de-France,Investment,1,No,Client,66,1387997.02,1,Residential Buyers
C1855,Individual,Gloria,Hansen,1984-02-07,F,USA,California,Home,2,Yes,Website,42,1117305.8599999999,5,Corporate Buyers
C1856,Company,Altira,Co,1994-05-24,M,USA,Virginia,Home,2,No,Website,32,1216231.4300000002,5,Corporate Buyers
C1857,Individual,Walter,Johnson,1987-03-22,M,USA,California,Investment,2,Yes,Website,39,919814.94,5,Corporate Buyers
C1858,Individual,Amy,Hayes,1958-06-05,F,USA,Colorado,Home,5,No,Website,68,1161958.29,5,Corporate Buyers
C1859,Individual,Zachary,Taylor,1943-11-18,M,USA,California,Home,5,Yes,Client,83,1087561.59,5,Corporate Buyers
C1860,Company,Caldera,Co,1970-07-17,F,USA,California,Home,4,Yes,Agency,56,1661197.49,5,Corporate Buyers
C1861,Individual,Nathan,Evans,1982-01-08,M,USA,California,Investment,3,Yes,Website,44,1475178.95,5,Corporate Buyers
C1862,Individual,Joshua,Long,1953-08-22,M,USA,California,Home,1,Yes,Website,73,988771.17,5,Corporate Buyers
C1863,Individual,Megan,Hansen,1948-03-04,F,UK,Scotland,Home,3,No,Website,78,1281313.02,1,Residential Buyers
C1864,Individual,Hannah,Weaver,1972-04-25,F,USA,New York,Home,5,Yes,Website,54,1131730.6,5,Corporate Buyers
C1865,Individual,Sean,Rogers,1974-01-11,M,USA,Arizona,Investment,4,No,Website,52,1092253.24,5,Corporate Buyers
C1866,Individual,Joyce,Martin,1971-08-23,F,USA,Nevada,Home,2,No,Agency,55,1620195.43,0,Global Investors
C1867,Individual,Robert,Richardson,1952-01-13,M,USA,California,Home,2,Yes,Website,74,761781.8,5,Corporate Buyers
C1868,Individual,Michelle,Thomas,1975-11-28,F,UK,Wales,Home,1,No,Website,51,1469394.43,1,Residential Buyers
C1869,Individual,Margaret,Campbell,1975-10-05,F,Mexico,Nuevo Leon,Home,5,No,Client,51,1335399.36,5,Corporate Buyers
C1870,Individual,Lawrence,Moore,1980-10-13,M,USA,Washington,Investment,1,No,Agency,46,680865.94,2,First-Time Buyers
C1871,Individual,Amy,Reyes,1961-10-18,F,USA,Texas,Home,1,Yes,Website,65,1096466.77,5,Corporate Buyers
C1872,Individual,Raymond,Jones,1940-10-23,M,Mexico,Mexico City,Home,5,No,Client,86,1284121.27,1,Residential Buyers
C1873,Individual,Cheryl,Collins,1959-03-10,F,Canada,British Columbia,Home,5,No,Agency,67,841611.53,1,Residential Buyers
C1874,Individual,Justin,Cooper,1972-11-18,M,USA,Colorado,Investment,1,No,Agency,54,1058361.99,5,Corporate Buyers
C1875,Individual,Melissa,Roberts,1943-09-13,F,USA,Nevada,Home,2,No,Client,83,1220153.8599999999,0,Global Investors
C1876,Company,Bravada,Co,1981-03-17,M,USA,Ohio,Investment,4,Yes,Website,45,1543986.34,5,Corporate Buyers
C1877,Individual,Walter,Bryant,1961-09-16,M,USA,Arizona,Home,5,No,Agency,65,905899.79,5,Corporate Buyers
C1878,Individual,Paul,Rogers,1967-10-07,M,USA,Washington,Home,5,No,Agency,59,958603.36,2,First-Time Buyers
C1879,Individual,Deborah,Roberts,1977-01-23,F,USA,New York,Home,3,No,Website,49,1536294.68,5,Corporate Buyers
C1880,Individual,Joan,Morales,1998-01-22,F,USA,California,Home,5,Yes,Client,28,1319939.53,5,Corporate Buyers
C1881,Individual,Brenda,Phillips,1989-09-13,F,USA,Oregon,Home,2,Yes,Website,37,972731.0900000001,5,Corporate Buyers
C1882,Individual,Deborah,Turner,1960-03-22,F,USA,Virginia,Investment,3,No,Website,66,884144.1,5,Corporate Buyers
C1883,Individual,Sean,Peterson,1941-02-11,M,USA,California,Home,1,No,Agency,85,1877399.3199999998,5,Corporate Buyers
C1884,Individual,Terry,Bell,1954-08-06,M,USA,Nevada,Home,5,Yes,Website,72,930994.2100000001,0,Global Investors
C1885,Individual,Ryan,Bell,1967-10-26,M,Germany,Hamburg,Home,1,Yes,Agency,59,1740983.97,1,Residential Buyers
C1886,Individual,Maria,Richardson,1999-11-16,F,USA,California,Home,5,No,Website,27,774293.9299999999,5,Corporate Buyers
C1887,Individual,Emma,Campbell,1986-01-07,F,USA,Oregon,Investment,1,No,Agency,40,822999.76,5,Corporate Buyers
C1888,Individual,Donald,Griffin,1962-08-06,M,USA,California,Home,3,No,Website,64,981962.01,5,Corporate Buyers
C1889,Individual,Matthew,Richardson,1987-07-10,M,USA,California,Home,4,Yes,Website,39,1193609.3,5,Corporate Buyers
C1890,Individual,Mark,Nelson,1954-03-12,M,Canada,Ontario,Home,4,No,Client,72,1209659.27,1,Residential Buyers
C1891,Individual,Gary,James,1972-06-02,M,USA,Oregon,Home,2,No,Agency,54,1466482.7999999998,5,Corporate Buyers
C1892,Individual,Nancy,Jones,1951-06-06,F,USA,Nevada,Investment,5,Yes,Agency,75,978638.94,0,Global Investors
C1893,Individual,Ann,Davis,1962-12-27,F,USA,Washington,Home,1,Yes,Website,64,1458732.84,2,First-Time Buyers
C1894,Individual,Joyce,Hall,1944-03-11,F,USA,Texas,Investment,4,No,Website,82,1284918.37,5,Corporate Buyers
C1895,Company,Caldera,Co,1969-01-07,M,USA,Nevada,Investment,4,No,Agency,57,1170571.86,0,Global Investors
C1896,Individual,Andrew,Bryant,1955-06-17,M,USA,Virginia,Investment,3,No,Agency,71,1158311.0,5,Corporate Buyers
C1897,Individual,Catherine,Rogers,1950-12-27,F,Canada,Ontario,Home,2,No,Website,76,1108918.3399999999,1,Residential Buyers
C1898,Individual,Daniel,James,1979-01-05,M,USA,New York,Home,1,Yes,Website,47,1159717.54,5,Corporate Buyers
C1899,Individual,Joe,Mitchell,1996-04-05,M,UK,England,Home,3,No,Website,30,1001627.28,1,Residential Buyers
C1900,Individual,Rachel,Griffin,1998-09-07,F,UK,England,Investment,4,No,Client,28,1185889.79,1,Residential Buyers
C1901,Individual,Justin,Stewart,1982-09-17,M,Canada,British Columbia,Home,4,No,Agency,44,1357680.7,1,Residential Buyers
C1902,Company,Grandis,Co,1980-11-09,M,USA,Colorado,Investment,2,No,Agency,46,1127600.93,5,Corporate Buyers
C1903,Individual,Nicole,Bennett,1991-12-01,F,USA,Nevada,Home,2,No,Website,35,1453139.0699999998,0,Global Investors
C1904,Individual,Christian,Nelson,1949-03-23,M,USA,Texas,Home,2,Yes,Website,77,1337265.67,5,Corporate Buyers
C1905,Individual,James,Morris,1961-02-02,M,USA,Virginia,Home,1,No,Website,65,1180529.35,5,Corporate Buyers
C1906,Individual,Michelle,Adams,1955-09-15,F,USA,California,Home,2,No,Agency,71,1487182.67,5,Corporate Buyers
C1907,Individual,Kyle,Wright,1950-03-12,M,USA,Colorado,Home,3,No,Website,76,1751481.1500000001,5,Corporate Buyers
C1908,Individual,Andrea,Moore,1976-03-28,F,USA,California,Home,2,No,Website,50,1543714.5,5,Corporate Buyers
C1909,Individual,Heather,Pierce,1985-12-04,F,USA,California,Investment,2,No,Agency,41,1238663.76,5,Corporate Buyers
C1910,Company,Telnox,Co,1985-10-04,M,USA,California,Home,2,Yes,Agency,41,816793.9099999999,5,Corporate Buyers
C1911,Individual,Noah,Murray,1989-01-11,M,USA,California,Home,5,No,Agency,37,1195691.95,5,Corporate Buyers
C1912,Individual,Amanda,Jackson,1954-07-26,F,USA,Utah,Investment,1,No,Website,72,863871.21,5,Corporate Buyers
C1913,Individual,Gary,King,1980-11-12,M,France,Provence,Home,5,No,Website,46,1210353.53,1,Residential Buyers
C1914,Individual,Brenda,Gray,1993-08-24,F,UK,Scotland,Home,4,Yes,Website,33,1553786.78,1,Residential Buyers
C1915,Individual,Angela,Williams,1964-06-09,F,USA,Arizona,Investment,4,No,Client,62,1015184.58,5,Corporate Buyers
C1916,Individual,Zachary,Weaver,1948-10-15,M,USA,California,Investment,2,No,Website,78,1257058.52,5,Corporate Buyers
C1917,Individual,Angela,Montgomery,1971-09-16,F,Australia,New South Wales,Home,2,No,Client,55,1007433.23,1,Residential Buyers
C1918,Individual,Dorothy,Murray,1940-09-17,F,USA,California,Home,1,No,Client,86,1019401.51,5,Corporate Buyers
C1919,Company,Vantage,Co,1968-01-19,F,USA,Nevada,Investment,1,No,Website,58,1083015.76,0,Global Investors
C1920,Individual,Jonathan,Pierce,1969-10-26,M,Germany,North Rhine-Westphalia,Home,5,No,Agency,57,1523588.92,1,Residential Buyers
C1921,Individual,Carolyn,Adams,1956-12-24,F,France,Provence,Home,5,No,Website,70,980793.6799999999,1,Residential Buyers
C1922,Individual,Jessica,Garcia,1988-01-09,F,USA,California,Home,1,No,Agency,38,1549836.17,5,Corporate Buyers
C1923,Individual,Sarah,Cooper,1947-03-07,F,Mexico,Jalisco,Investment,1,Yes,Client,79,1302917.16,5,Corporate Buyers
C1924,Individual,Joe,Cooper,1958-01-03,M,USA,California,Home,3,No,Client,68,1453954.37,5,Corporate Buyers
C1925,Individual,Jordan,Baker,1942-01-19,M,USA,Colorado,Home,2,No,Agency,84,1165252.94,5,Corporate Buyers
C1926,Individual,Joshua,Watson,1997-11-05,M,Mexico,Puebla,Home,1,Yes,Website,29,1238034.03,1,Residential Buyers
C1927,Individual,Victoria,Long,1952-11-05,F,USA,California,Investment,1,Yes,Website,74,1325474.94,5,Corporate Buyers
C1928,Individual,Paul,Scott,1998-02-20,M,Australia,New South Wales,Home,4,Yes,Client,28,741930.22,1,Residential Buyers
C1929,Individual,Angela,Baker,1941-10-24,F,Mexico,Jalisco,Home,1,Yes,Agency,85,1329874.96,5,Corporate Buyers
C1930,Individual,Rachel,Adams,1966-01-22,F,USA,Colorado,Investment,3,No,Agency,60,1184992.23,5,Corporate Buyers
C1931,Individual,Melissa,Jackson,1995-05-01,F,USA,Utah,Home,5,Yes,Website,31,1323884.1099999999,5,Corporate Buyers
C1932,Individual,Dorothy,Allen,1962-05-13,F,USA,California,Investment,2,No,Website,64,1713149.19,5,Corporate Buyers
C1933,Company,Oasis,Co,1994-04-05,F,Australia,Queensland,Home,1,No,Client,32,822428.05,5,Corporate Buyers
C1934,Individual,Noah,Montgomery,1978-03-25,M,France,Ile-de-France,Investment,4,Yes,Client,48,1719384.46,1,Residential Buyers
C1935,Individual,Ashley,Young,1983-04-14,F,USA,Arizona,Home,5,No,Website,43,1205890.37,5,Corporate Buyers
C1936,Individual,Jeffrey,Brown,1984-02-24,M,Russia,Krasnodar Krai,Home,1,Yes,Agency,42,965899.1000000001,3,Risk-Averse Investors
C1937,Individual,Ashley,Richardson,1961-03-16,F,USA,Arizona,Home,3,Yes,Website,65,1707838.06,5,Corporate Buyers
C1938,Individual,Peter,Anderson,1973-07-28,M,Canada,Quebec,Home,4,Yes,Website,53,1154671.2,1,Residential Buyers
C1939,Individual,Gloria,White,1979-06-09,F,USA,Florida,Investment,1,Yes,Agency,47,674304.95,5,Corporate Buyers
C1940,Individual,Barbara,Turner,1997-02-01,F,Canada,Manitoba,Home,4,No,Agency,29,1403901.1400000001,1,Residential Buyers
C1941,Individual,Maria,James,1943-05-20,F,USA,Nevada,Home,5,No,Client,83,1368615.25,0,Global Investors
C1942,Company,Stratos,Co,1984-11-10,F,USA,Nevada,Home,2,Yes,Agency,42,1133984.52,0,Global Investors
C1943,Individual,Eric,Long,1973-01-04,M,USA,Arizona,Home,1,No,Website,53,967521.23,5,Corporate Buyers
C1944,Individual,Henry,Pierce,1986-02-15,M,USA,California,Investment,1,No,Website,40,1971083.9300000002,5,Corporate Buyers
C1945,Individual,Sean,Johnson,1967-02-26,M,Mexico,Mexico City,Investment,3,No,Website,59,1112541.88,1,Residential Buyers
C1946,Individual,Mark,Bell,1955-01-15,M,USA,California,Home,1,No,Agency,71,1056227.37,5,Corporate Buyers
C1947,Individual,Walter,Mitchell,1979-02-02,M,USA,Nevada,Home,3,No,Website,47,1247905.56,0,Global Investors
C1948,Individual,Melissa,Harris,1955-04-01,F,USA,Arizona,Home,2,No,Agency,71,1530233.0,5,Corporate Buyers
C1949,Individual,Christina,James,1955-07-20,F,USA,Colorado,Home,2,Yes,Agency,71,1020270.72,5,Corporate Buyers
C1950,Individual,Edward,Weaver,1975-03-27,M,USA,Ohio,Home,4,No,Agency,51,1033306.43,5,Corporate Buyers
C1951,Individual,Alexander,Murray,1996-09-08,M,USA,Utah,Home,1,Yes,Website,30,1128864.17,5,Corporate Buyers
C1952,Company,Optima,Co,1992-05-06,M,USA,Nevada,Home,3,No,Agency,34,1235262.65,0,Global Investors
C1953,Individual,Donald,Miller,1972-10-16,M,Germany,Bavaria,Home,1,Yes,Website,54,1199064.43,1,Residential Buyers
C1954,Individual,Judy,Roberts,1966-09-03,F,Australia,Western Australia,Investment,3,No,Website,60,809731.0700000001,1,Residential Buyers
C1955,Individual,Benjamin,Wright,1998-05-20,M,Canada,Quebec,Home,1,No,Website,28,1707150.06,1,Residential Buyers
C1956,Individual,Julie,Weaver,1967-08-21,F,USA,Oregon,Home,2,No,Agency,59,1224023.79,5,Corporate Buyers
C1957,Individual,Adam,Howard,1962-09-24,M,USA,California,Home,4,Yes,Website,64,1318838.26,5,Corporate Buyers
C1958,Individual,Susan,Foster,1970-10-09,F,USA,California,Home,3,No,Website,56,1567012.19,5,Corporate Buyers
C1959,Individual,Judy,Morales,1942-02-20,F,USA,Texas,Home,1,No,Website,84,626084.02,5,Corporate Buyers
C1960,Individual,Dorothy,Brown,1987-08-02,F,USA,Colorado,Home,2,Yes,Website,39,1196488.96,5,Corporate Buyers
C1961,Individual,William,Campbell,1994-09-26,M,USA,California,Home,5,No,Agency,32,1289265.38,5,Corporate Buyers
C1962,Individual,Kimberly,Harris,1995-08-01,F,Mexico,Puebla,Home,5,No,Agency,31,971475.24,1,Residential Buyers
C1963,Company,Terova,Co,1968-03-01,M,USA,Texas,Home,5,No,Website,58,983925.13,5,Corporate Buyers
C1964,Individual,Kevin,Martin,1972-06-17,M,USA,Virginia,Home,5,No,Agency,54,1149434.67,5,Corporate Buyers
C1965,Individual,Sean,Wright,1997-01-09,M,USA,California,Home,4,No,Agency,29,1489053.39,5,Corporate Buyers
C1966,Individual,Ronald,Howard,1964-02-10,M,Canada,British Columbia,Home,1,No,Agency,62,1210176.2,1,Residential Buyers
C1967,Individual,Roger,Bryant,1957-10-09,M,USA,Oregon,Investment,4,No,Agency,69,747143.37,5,Corporate Buyers
C1968,Individual,Judy,Griffin,1958-11-02,F,USA,California,Investment,3,Yes,Client,68,987718.99,5,Corporate Buyers
C1969,Individual,Jesse,James,1993-06-14,M,USA,Colorado,Investment,2,Yes,Agency,33,1030940.4299999999,5,Corporate Buyers
C1970,Individual,Raymond,Howard,1978-02-25,M,USA,Arizona,Investment,4,Yes,Website,48,1346312.7000000002,5,Corporate Buyers
C1971,Individual,Emma,Jordan,1976-07-18,F,USA,Virginia,Home,5,No,Website,50,673422.3200000001,5,Corporate Buyers
C1972,Individual,Carol,Wilson,1972-01-05,F,USA,California,Home,4,Yes,Website,54,943260.84,5,Corporate Buyers
C1973,Company,Oasis,Co,1993-09-13,M,USA,Washington,Home,4,Yes,Agency,33,1450499.68,2,First-Time Buyers
C1974,Individual,Keith,Peterson,1950-04-09,M,USA,Nevada,Home,5,Yes,Agency,76,968686.8500000001,0,Global Investors
C1975,Individual,Dorothy,Campbell,1975-08-05,F,Belgium,Wallonia,Home,4,No,Agency,51,985031.21,1,Residential Buyers
C1976,Individual,Albert,Wilson,1995-05-03,M,USA,Florida,Home,5,No,Client,31,1146120.65,5,Corporate Buyers
C1977,Individual,Jason,Bennett,1994-04-07,M,USA,Virginia,Home,1,No,Website,32,2001430.4300000002,5,Corporate Buyers
C1978,Company,Summit,Co,1967-02-06,F,USA,California,Investment,5,Yes,Website,59,1205900.67,5,Corporate Buyers
C1979,Individual,Brian,Richardson,1942-05-25,M,USA,Colorado,Home,3,Yes,Agency,84,1287568.79,5,Corporate Buyers
C1980,Individual,Barbara,Green,1956-05-09,F,USA,Texas,Investment,4,No,Website,70,1579565.09,5,Corporate Buyers
C1981,Individual,Sarah,Flores,1992-12-09,F,Canada,Quebec,Home,5,No,Agency,34,1440160.68,1,Residential Buyers
C1982,Individual,Jose,Long,1947-09-05,M,USA,California,Home,4,Yes,Website,79,1545398.56,5,Corporate Buyers
C1983,Individual,Ryan,Reed,1961-03-13,M,UK,Northern Ireland,Home,3,No,Website,65,1317304.52,1,Residential Buyers
C1984,Individual,Jesse,Watson,1956-10-18,M,USA,California,Home,4,No,Website,70,846287.21,5,Corporate Buyers
C1985,Individual,Gregory,Bell,1963-05-11,M,UK,Scotland,Home,1,Yes,Agency,63,1149379.8599999999,1,Residential Buyers
C1986,Individual,Thomas,Griffin,1977-04-23,M,USA,New York,Investment,1,No,Website,49,1442798.93,5,Corporate Buyers
C1987,Individual,Douglas,Davis,1986-10-18,M,Belgium,Wallonia,Investment,5,No,Website,40,1316082.96,1,Residential Buyers
C1988,Individual,Henry,Thompson,1994-09-19,M,USA,California,Home,5,Yes,Website,32,1301018.95,5,Corporate Buyers
C1989,Individual,William,Montgomery,1959-11-19,M,USA,Texas,Home,3,No,Agency,67,1380788.8599999999,5,Corporate Buyers
C1990,Individual,Scott,Howard,1976-11-28,M,USA,Texas,Investment,5,No,Agency,50,1253745.81,5,Corporate Buyers
C1991,Individual,Susan,Reed,1950-07-09,F,USA,California,Home,3,No,Website,76,1134341.88,5,Corporate Buyers
C1992,Individual,Rachel,Hansen,1943-01-19,F,USA,Texas,Home,3,Yes,Website,83,1266058.76,5,Corporate Buyers
C1993,Individual,Douglas,Thompson,1985-06-09,M,USA,New York,Home,2,No,Website,41,1385369.38,5,Corporate Buyers
C1994,Individual,Nicole,Miller,1994-07-21,F,USA,Oregon,Investment,3,Yes,Website,32,1257875.21,5,Corporate Buyers
C1995,Individual,Michelle,Scott,1993-03-05,F,USA,California,Investment,4,No,Agency,33,1044043.64,5,Corporate Buyers
C1996,Individual,Samantha,Brooks,1992-06-20,F,USA,Nevada,Home,1,Yes,Website,34,1151831.48,0,Global Investors
C1997,Individual,Matthew,Cox,1942-09-27,M,USA,Arizona,Home,4,Yes,Website,84,1101825.4,5,Corporate Buyers
C1998,Individual,Mark,Patterson,1963-09-13,M,USA,Virginia,Home,5,Yes,Website,63,1023688.56,5,Corporate Buyers
C1999,Individual,Lawrence,Montgomery,1944-06-15,M,USA,Ohio,Home,4,Yes,Client,82,838587.38,5,Corporate Buyers
C2000,Individual,Amanda,James,1996-03-24,F,USA,Georgia,Home,1,Yes,Agency,30,913528.5,5,Corporate Buyers
